2026-07-26 22:54:35,310 INFO     app.main — Database tables verified/created.
2026-07-26 22:54:36,203 INFO     app.main — Database tables verified/created.
2026-07-26 22:54:57,437 WARNING  passlib.handlers.bcrypt — (trapped) error reading bcrypt version
Traceback (most recent call last):
  File "C:\Users\soham\AppData\Local\Programs\Python\Python313\Lib\site-packages\passlib\handlers\bcrypt.py", line 620, in _load_backend_mixin
    version = _bcrypt.__about__.__version__
              ^^^^^^^^^^^^^^^^^
AttributeError: module 'bcrypt' has no attribute '__about__'
2026-07-27 13:21:39,639 INFO     app.main — Database tables verified/created.
2026-07-27 13:21:40,487 INFO     app.main — Database tables verified/created.
2026-07-27 17:48:59,136 INFO     app.main — Database tables verified/created.
2026-07-27 17:49:00,875 INFO     app.main — Database tables verified/created.
2026-07-27 17:49:15,322 WARNING  passlib.handlers.bcrypt — (trapped) error reading bcrypt version
Traceback (most recent call last):
  File "C:\Users\soham\AppData\Local\Programs\Python\Python313\Lib\site-packages\passlib\handlers\bcrypt.py", line 620, in _load_backend_mixin
    version = _bcrypt.__about__.__version__
              ^^^^^^^^^^^^^^^^^
AttributeError: module 'bcrypt' has no attribute '__about__'
2026-07-27 17:49:36,209 WARNING  passlib.handlers.bcrypt — (trapped) error reading bcrypt version
Traceback (most recent call last):
  File "C:\Users\soham\AppData\Local\Programs\Python\Python313\Lib\site-packages\passlib\handlers\bcrypt.py", line 620, in _load_backend_mixin
    version = _bcrypt.__about__.__version__
              ^^^^^^^^^^^^^^^^^
AttributeError: module 'bcrypt' has no attribute '__about__'
2026-07-27 17:55:17,568 INFO     app.main — Database tables verified/created.
2026-07-27 17:55:20,921 WARNING  passlib.handlers.bcrypt — (trapped) error reading bcrypt version
Traceback (most recent call last):
  File "C:\Users\soham\AppData\Local\Programs\Python\Python313\Lib\site-packages\passlib\handlers\bcrypt.py", line 620, in _load_backend_mixin
    version = _bcrypt.__about__.__version__
              ^^^^^^^^^^^^^^^^^
AttributeError: module 'bcrypt' has no attribute '__about__'
2026-07-27 17:55:51,828 INFO     app.main — Database tables verified/created.
2026-07-27 17:56:07,516 INFO     app.main — Database tables verified/created.
2026-07-27 22:03:49,577 INFO     app.main — Database tables verified/created.
2026-07-27 22:03:49,604 INFO     app.seed — SKIP   Two Sum (already exists)
2026-07-27 22:03:49,605 INFO     app.seed — SKIP   Contains Duplicate (already exists)
2026-07-27 22:03:49,606 INFO     app.seed — SKIP   Valid Anagram (already exists)
2026-07-27 22:03:49,607 INFO     app.seed — SKIP   Container With Most Water (already exists)
2026-07-27 22:03:49,608 INFO     app.seed — SKIP   Maximum Subarray (already exists)
2026-07-27 22:03:49,609 INFO     app.seed — SKIP   Climbing Stairs (already exists)
2026-07-27 22:03:49,611 INFO     app.seed — SKIP   Binary Search (already exists)
2026-07-27 22:03:49,612 INFO     app.seed — SKIP   Merge Intervals (already exists)
2026-07-27 22:03:49,612 INFO     app.seed — Seed complete — 0 seeded, 8 skipped.
2026-07-27 22:03:49,639 WARNING  passlib.handlers.bcrypt — (trapped) error reading bcrypt version
Traceback (most recent call last):
  File "C:\ProjectDevEnv\Algolens\.venv\Lib\site-packages\passlib\handlers\bcrypt.py", line 620, in _load_backend_mixin
    version = _bcrypt.__about__.__version__
              ^^^^^^^^^^^^^^^^^
AttributeError: module 'bcrypt' has no attribute '__about__'
2026-07-27 22:03:50,127 INFO     app.services.complexity — Complexity classification: slope=0.004 class=O(1) R²=1.000
2026-07-27 22:03:50,130 INFO     app.services.complexity — Complexity classification: slope=0.134 class=O(log n) R²=0.996
2026-07-27 22:03:50,133 INFO     app.services.complexity — Complexity classification: slope=1.004 class=O(n) R²=1.000
2026-07-27 22:03:50,136 INFO     app.services.complexity — Complexity classification: slope=1.004 class=O(n) R²=1.000
2026-07-27 22:03:50,137 INFO     app.services.complexity — Complexity classification: slope=1.004 class=O(n) R²=1.000
2026-07-27 22:03:50,138 INFO     app.services.complexity — Complexity classification: slope=1.004 class=O(n) R²=1.000
2026-07-27 22:03:50,141 INFO     app.services.complexity — Complexity classification: slope=1.134 class=O(n log n) R²=1.000
2026-07-27 22:03:50,144 INFO     app.services.complexity — Complexity classification: slope=2.005 class=O(n^2) R²=1.000
2026-07-27 22:03:50,147 WARNING  app.services.complexity — Insufficient data points for complexity classification: 1
2026-07-27 22:03:50,149 WARNING  app.services.complexity — Insufficient data points for complexity classification: 0
2026-07-27 22:03:50,151 WARNING  app.services.complexity — Insufficient data points for complexity classification: 0
2026-07-27 22:03:50,160 WARNING  app.services.complexity — Cannot compare complexity classes: 'O(unknown)' vs 'O(n)'
2026-07-27 22:03:50,520 INFO     httpx — HTTP Request: POST http://testserver/auth/register "HTTP/1.1 422 Unprocessable Entity"
2026-07-27 22:03:50,530 INFO     httpx — HTTP Request: GET http://testserver/problems/not-a-valid-uuid "HTTP/1.1 422 Unprocessable Entity"
2026-07-27 22:03:50,538 INFO     httpx — HTTP Request: GET http://testserver/users/57d33fec-556b-4952-890b-8182bf5b411b/history?limit=0 "HTTP/1.1 403 Forbidden"
2026-07-27 22:04:04,161 INFO     app.main — Database tables verified/created.
2026-07-27 22:04:04,202 INFO     app.seed — SKIP   Two Sum (already exists)
2026-07-27 22:04:04,204 INFO     app.seed — SKIP   Contains Duplicate (already exists)
2026-07-27 22:04:04,205 INFO     app.seed — SKIP   Valid Anagram (already exists)
2026-07-27 22:04:04,206 INFO     app.seed — SKIP   Container With Most Water (already exists)
2026-07-27 22:04:04,207 INFO     app.seed — SKIP   Maximum Subarray (already exists)
2026-07-27 22:04:04,208 INFO     app.seed — SKIP   Climbing Stairs (already exists)
2026-07-27 22:04:04,209 INFO     app.seed — SKIP   Binary Search (already exists)
2026-07-27 22:04:04,211 INFO     app.seed — SKIP   Merge Intervals (already exists)
2026-07-27 22:04:04,212 INFO     app.seed — Seed complete — 0 seeded, 8 skipped.
2026-07-27 22:04:04,240 WARNING  passlib.handlers.bcrypt — (trapped) error reading bcrypt version
Traceback (most recent call last):
  File "C:\ProjectDevEnv\Algolens\.venv\Lib\site-packages\passlib\handlers\bcrypt.py", line 620, in _load_backend_mixin
    version = _bcrypt.__about__.__version__
              ^^^^^^^^^^^^^^^^^
AttributeError: module 'bcrypt' has no attribute '__about__'
2026-07-27 22:04:04,723 INFO     app.services.complexity — Complexity classification: slope=0.004 class=O(1) R²=1.000
2026-07-27 22:04:04,726 INFO     app.services.complexity — Complexity classification: slope=0.134 class=O(log n) R²=0.996
2026-07-27 22:04:04,730 INFO     app.services.complexity — Complexity classification: slope=1.004 class=O(n) R²=1.000
2026-07-27 22:04:04,733 INFO     app.services.complexity — Complexity classification: slope=1.004 class=O(n) R²=1.000
2026-07-27 22:04:04,734 INFO     app.services.complexity — Complexity classification: slope=1.004 class=O(n) R²=1.000
2026-07-27 22:04:04,734 INFO     app.services.complexity — Complexity classification: slope=1.004 class=O(n) R²=1.000
2026-07-27 22:04:04,737 INFO     app.services.complexity — Complexity classification: slope=1.134 class=O(n log n) R²=1.000
2026-07-27 22:04:04,740 INFO     app.services.complexity — Complexity classification: slope=2.005 class=O(n^2) R²=1.000
2026-07-27 22:04:04,743 WARNING  app.services.complexity — Insufficient data points for complexity classification: 1
2026-07-27 22:04:04,745 WARNING  app.services.complexity — Insufficient data points for complexity classification: 0
2026-07-27 22:04:04,747 WARNING  app.services.complexity — Insufficient data points for complexity classification: 0
2026-07-27 22:04:04,756 WARNING  app.services.complexity — Cannot compare complexity classes: 'O(unknown)' vs 'O(n)'
2026-07-27 22:04:04,827 INFO     httpx — HTTP Request: POST http://testserver/auth/register "HTTP/1.1 422 Unprocessable Entity"
2026-07-27 22:04:04,835 INFO     httpx — HTTP Request: GET http://testserver/problems/not-a-valid-uuid "HTTP/1.1 422 Unprocessable Entity"
2026-07-27 22:04:04,846 INFO     httpx — HTTP Request: GET http://testserver/users/0b1d2433-f9ef-4a46-843c-3050c3846195/history?limit=0 "HTTP/1.1 422 Unprocessable Entity"
2026-07-27 22:04:04,852 INFO     httpx — HTTP Request: GET http://testserver/users/0b1d2433-f9ef-4a46-843c-3050c3846195/history?limit=101 "HTTP/1.1 422 Unprocessable Entity"
2026-07-27 22:04:04,858 INFO     httpx — HTTP Request: GET http://testserver/users/0b1d2433-f9ef-4a46-843c-3050c3846195/history?offset=-1 "HTTP/1.1 422 Unprocessable Entity"
2026-07-27 22:04:21,116 INFO     app.main — Database tables verified/created.
2026-07-27 22:04:21,141 INFO     app.seed — SKIP   Two Sum (already exists)
2026-07-27 22:04:21,142 INFO     app.seed — SKIP   Contains Duplicate (already exists)
2026-07-27 22:04:21,143 INFO     app.seed — SKIP   Valid Anagram (already exists)
2026-07-27 22:04:21,144 INFO     app.seed — SKIP   Container With Most Water (already exists)
2026-07-27 22:04:21,146 INFO     app.seed — SKIP   Maximum Subarray (already exists)
2026-07-27 22:04:21,148 INFO     app.seed — SKIP   Climbing Stairs (already exists)
2026-07-27 22:04:21,149 INFO     app.seed — SKIP   Binary Search (already exists)
2026-07-27 22:04:21,150 INFO     app.seed — SKIP   Merge Intervals (already exists)
2026-07-27 22:04:21,150 INFO     app.seed — Seed complete — 0 seeded, 8 skipped.
2026-07-27 22:04:23,745 INFO     app.main — Database tables verified/created.
2026-07-27 22:04:23,802 INFO     app.seed — SKIP   Two Sum (already exists)
2026-07-27 22:04:23,805 INFO     app.seed — SKIP   Contains Duplicate (already exists)
2026-07-27 22:04:23,807 INFO     app.seed — SKIP   Valid Anagram (already exists)
2026-07-27 22:04:23,809 INFO     app.seed — SKIP   Container With Most Water (already exists)
2026-07-27 22:04:23,812 INFO     app.seed — SKIP   Maximum Subarray (already exists)
2026-07-27 22:04:23,813 INFO     app.seed — SKIP   Climbing Stairs (already exists)
2026-07-27 22:04:23,814 INFO     app.seed — SKIP   Binary Search (already exists)
2026-07-27 22:04:23,816 INFO     app.seed — SKIP   Merge Intervals (already exists)
2026-07-27 22:04:23,817 INFO     app.seed — Seed complete — 0 seeded, 8 skipped.
2026-07-27 22:04:40,944 WARNING  passlib.handlers.bcrypt — (trapped) error reading bcrypt version
Traceback (most recent call last):
  File "C:\Users\soham\AppData\Local\Programs\Python\Python313\Lib\site-packages\passlib\handlers\bcrypt.py", line 620, in _load_backend_mixin
    version = _bcrypt.__about__.__version__
              ^^^^^^^^^^^^^^^^^
AttributeError: module 'bcrypt' has no attribute '__about__'
2026-07-27 22:05:58,660 INFO     app.services.pipeline — [submission 073245b0-a567-448e-afe3-35e713ebf744] pipeline start — problem='Binary Search'
2026-07-27 22:05:58,846 WARNING  app.sandbox.executor — Docker not available — falling back to subprocess sandbox. This provides weaker isolation. Ensure Docker Desktop is running for production.
2026-07-27 22:05:59,794 INFO     app.services.pipeline — [submission 073245b0-a567-448e-afe3-35e713ebf744] correctness passed — 4 test cases
2026-07-27 22:06:07,477 INFO     app.services.pipeline — [submission 073245b0-a567-448e-afe3-35e713ebf744] benchmark complete — 5 points
2026-07-27 22:06:07,490 INFO     app.services.complexity — Complexity classification: slope=0.133 class=O(log n) R²=0.796
2026-07-27 22:06:07,491 INFO     app.services.pipeline — [submission 073245b0-a567-448e-afe3-35e713ebf744] no complexity gap — empirical=O(log n) optimal=O(log n)
2026-07-27 22:06:07,495 INFO     app.services.pipeline — [submission 073245b0-a567-448e-afe3-35e713ebf744] pipeline complete
2026-07-27 22:19:48,121 INFO     app.main — Database tables verified/created.
2026-07-27 22:19:48,136 INFO     app.seed — SKIP   Two Sum (already exists)
2026-07-27 22:19:48,136 INFO     app.seed — SKIP   Contains Duplicate (already exists)
2026-07-27 22:19:48,138 INFO     app.seed — SKIP   Valid Anagram (already exists)
2026-07-27 22:19:48,138 INFO     app.seed — SKIP   Container With Most Water (already exists)
2026-07-27 22:19:48,139 INFO     app.seed — SKIP   Maximum Subarray (already exists)
2026-07-27 22:19:48,139 INFO     app.seed — SKIP   Climbing Stairs (already exists)
2026-07-27 22:19:48,140 INFO     app.seed — SKIP   Binary Search (already exists)
2026-07-27 22:19:48,140 INFO     app.seed — SKIP   Merge Intervals (already exists)
2026-07-27 22:19:48,141 INFO     app.seed — Seed complete — 0 seeded, 8 skipped.
2026-07-27 22:20:10,124 INFO     app.main — Database tables verified/created.
2026-07-27 22:20:10,140 INFO     app.seed — SKIP   Two Sum (already exists)
2026-07-27 22:20:10,141 INFO     app.seed — SKIP   Contains Duplicate (already exists)
2026-07-27 22:20:10,142 INFO     app.seed — SKIP   Valid Anagram (already exists)
2026-07-27 22:20:10,142 INFO     app.seed — SKIP   Container With Most Water (already exists)
2026-07-27 22:20:10,143 INFO     app.seed — SKIP   Maximum Subarray (already exists)
2026-07-27 22:20:10,144 INFO     app.seed — SKIP   Climbing Stairs (already exists)
2026-07-27 22:20:10,144 INFO     app.seed — SKIP   Binary Search (already exists)
2026-07-27 22:20:10,145 INFO     app.seed — SKIP   Merge Intervals (already exists)
2026-07-27 22:20:10,145 INFO     app.seed — Seed complete — 0 seeded, 8 skipped.
2026-07-27 22:20:16,270 INFO     app.main — Database tables verified/created.
2026-07-27 22:20:16,285 INFO     app.seed — SKIP   Two Sum (already exists)
2026-07-27 22:20:16,286 INFO     app.seed — SKIP   Contains Duplicate (already exists)
2026-07-27 22:20:16,287 INFO     app.seed — SKIP   Valid Anagram (already exists)
2026-07-27 22:20:16,287 INFO     app.seed — SKIP   Container With Most Water (already exists)
2026-07-27 22:20:16,288 INFO     app.seed — SKIP   Maximum Subarray (already exists)
2026-07-27 22:20:16,288 INFO     app.seed — SKIP   Climbing Stairs (already exists)
2026-07-27 22:20:16,289 INFO     app.seed — SKIP   Binary Search (already exists)
2026-07-27 22:20:16,290 INFO     app.seed — SKIP   Merge Intervals (already exists)
2026-07-27 22:20:16,290 INFO     app.seed — Seed complete — 0 seeded, 8 skipped.
2026-07-27 22:20:24,841 INFO     app.main — Database tables verified/created.
2026-07-27 22:20:24,858 INFO     app.seed — SKIP   Two Sum (already exists)
2026-07-27 22:20:24,859 INFO     app.seed — SKIP   Contains Duplicate (already exists)
2026-07-27 22:20:24,860 INFO     app.seed — SKIP   Valid Anagram (already exists)
2026-07-27 22:20:24,860 INFO     app.seed — SKIP   Container With Most Water (already exists)
2026-07-27 22:20:24,861 INFO     app.seed — SKIP   Maximum Subarray (already exists)
2026-07-27 22:20:24,862 INFO     app.seed — SKIP   Climbing Stairs (already exists)
2026-07-27 22:20:24,862 INFO     app.seed — SKIP   Binary Search (already exists)
2026-07-27 22:20:24,863 INFO     app.seed — SKIP   Merge Intervals (already exists)
2026-07-27 22:20:24,865 WARNING  passlib.handlers.bcrypt — (trapped) error reading bcrypt version
Traceback (most recent call last):
  File "C:\Users\soham\AppData\Local\Programs\Python\Python313\Lib\site-packages\passlib\handlers\bcrypt.py", line 620, in _load_backend_mixin
    version = _bcrypt.__about__.__version__
              ^^^^^^^^^^^^^^^^^
AttributeError: module 'bcrypt' has no attribute '__about__'
2026-07-27 22:20:25,084 INFO     app.seed — Forum successfully seeded with default topics and replies.
2026-07-27 22:20:25,086 INFO     app.seed — Seed complete — 0 problems seeded, 8 skipped.
2026-07-27 22:20:56,420 INFO     app.main — Database tables verified/created.
2026-07-27 22:20:56,444 INFO     app.seed — SKIP   Two Sum (already exists)
2026-07-27 22:20:56,444 INFO     app.seed — SKIP   Contains Duplicate (already exists)
2026-07-27 22:20:56,445 INFO     app.seed — SKIP   Valid Anagram (already exists)
2026-07-27 22:20:56,446 INFO     app.seed — SKIP   Container With Most Water (already exists)
2026-07-27 22:20:56,446 INFO     app.seed — SKIP   Maximum Subarray (already exists)
2026-07-27 22:20:56,446 INFO     app.seed — SKIP   Climbing Stairs (already exists)
2026-07-27 22:20:56,447 INFO     app.seed — SKIP   Binary Search (already exists)
2026-07-27 22:20:56,448 INFO     app.seed — SKIP   Merge Intervals (already exists)
2026-07-27 22:20:56,449 INFO     app.seed — Forum threads already seeded — skipping forum seed.
2026-07-27 22:20:56,449 INFO     app.seed — Seed complete — 0 problems seeded, 8 skipped.
2026-07-27 22:20:56,486 WARNING  passlib.handlers.bcrypt — (trapped) error reading bcrypt version
Traceback (most recent call last):
  File "C:\ProjectDevEnv\Algolens\.venv\Lib\site-packages\passlib\handlers\bcrypt.py", line 620, in _load_backend_mixin
    version = _bcrypt.__about__.__version__
              ^^^^^^^^^^^^^^^^^
AttributeError: module 'bcrypt' has no attribute '__about__'
2026-07-27 22:20:56,896 INFO     app.services.complexity — Complexity classification: slope=0.004 class=O(1) R²=1.000
2026-07-27 22:20:56,898 INFO     app.services.complexity — Complexity classification: slope=0.134 class=O(log n) R²=0.996
2026-07-27 22:20:56,899 INFO     app.services.complexity — Complexity classification: slope=1.004 class=O(n) R²=1.000
2026-07-27 22:20:56,901 INFO     app.services.complexity — Complexity classification: slope=1.004 class=O(n) R²=1.000
2026-07-27 22:20:56,901 INFO     app.services.complexity — Complexity classification: slope=1.004 class=O(n) R²=1.000
2026-07-27 22:20:56,901 INFO     app.services.complexity — Complexity classification: slope=1.004 class=O(n) R²=1.000
2026-07-27 22:20:56,902 INFO     app.services.complexity — Complexity classification: slope=1.134 class=O(n log n) R²=1.000
2026-07-27 22:20:56,904 INFO     app.services.complexity — Complexity classification: slope=2.005 class=O(n^2) R²=1.000
2026-07-27 22:20:56,905 WARNING  app.services.complexity — Insufficient data points for complexity classification: 1
2026-07-27 22:20:56,906 WARNING  app.services.complexity — Insufficient data points for complexity classification: 0
2026-07-27 22:20:56,907 WARNING  app.services.complexity — Insufficient data points for complexity classification: 0
2026-07-27 22:20:56,910 WARNING  app.services.complexity — Cannot compare complexity classes: 'O(unknown)' vs 'O(n)'
2026-07-27 22:20:56,938 INFO     httpx — HTTP Request: POST http://testserver/forum/threads "HTTP/1.1 201 Created"
2026-07-27 22:20:56,943 INFO     httpx — HTTP Request: GET http://testserver/forum/threads/0e9dabdf-80ec-4d75-9f56-062c4003da7b "HTTP/1.1 200 OK"
2026-07-27 22:20:56,951 INFO     httpx — HTTP Request: POST http://testserver/forum/threads/0e9dabdf-80ec-4d75-9f56-062c4003da7b/replies "HTTP/1.1 201 Created"
2026-07-27 22:20:56,961 INFO     httpx — HTTP Request: POST http://testserver/forum/threads/0e9dabdf-80ec-4d75-9f56-062c4003da7b/like "HTTP/1.1 200 OK"
2026-07-27 22:20:56,970 INFO     httpx — HTTP Request: POST http://testserver/forum/threads/0e9dabdf-80ec-4d75-9f56-062c4003da7b/like "HTTP/1.1 200 OK"
2026-07-27 22:20:56,978 INFO     httpx — HTTP Request: POST http://testserver/forum/threads "HTTP/1.1 201 Created"
2026-07-27 22:20:56,984 INFO     httpx — HTTP Request: GET http://testserver/forum/threads?category=Questions "HTTP/1.1 200 OK"
2026-07-27 22:20:56,990 INFO     httpx — HTTP Request: GET http://testserver/forum/threads?search=Segment "HTTP/1.1 200 OK"
2026-07-27 22:20:56,994 INFO     httpx — HTTP Request: POST http://testserver/forum/threads "HTTP/1.1 422 Unprocessable Entity"
2026-07-27 22:20:56,999 INFO     httpx — HTTP Request: GET http://testserver/forum/threads/not-a-valid-uuid "HTTP/1.1 422 Unprocessable Entity"
2026-07-27 22:20:57,017 INFO     httpx — HTTP Request: POST http://testserver/auth/register "HTTP/1.1 422 Unprocessable Entity"
2026-07-27 22:20:57,021 INFO     httpx — HTTP Request: GET http://testserver/problems/not-a-valid-uuid "HTTP/1.1 422 Unprocessable Entity"
2026-07-27 22:20:57,026 INFO     httpx — HTTP Request: GET http://testserver/users/150cf358-2405-440d-be68-9a2e9df3a1d2/history?limit=0 "HTTP/1.1 422 Unprocessable Entity"
2026-07-27 22:20:57,029 INFO     httpx — HTTP Request: GET http://testserver/users/150cf358-2405-440d-be68-9a2e9df3a1d2/history?limit=101 "HTTP/1.1 422 Unprocessable Entity"
2026-07-27 22:20:57,031 INFO     httpx — HTTP Request: GET http://testserver/users/150cf358-2405-440d-be68-9a2e9df3a1d2/history?offset=-1 "HTTP/1.1 422 Unprocessable Entity"
2026-07-27 22:25:31,382 INFO     app.main — Database tables verified/created.
2026-07-27 22:25:31,413 INFO     app.seed — SKIP   Two Sum (already exists)
2026-07-27 22:25:31,415 INFO     app.seed — SKIP   Contains Duplicate (already exists)
2026-07-27 22:25:31,416 INFO     app.seed — SKIP   Valid Anagram (already exists)
2026-07-27 22:25:31,418 INFO     app.seed — SKIP   Container With Most Water (already exists)
2026-07-27 22:25:31,419 INFO     app.seed — SKIP   Maximum Subarray (already exists)
2026-07-27 22:25:31,421 INFO     app.seed — SKIP   Climbing Stairs (already exists)
2026-07-27 22:25:31,423 INFO     app.seed — SKIP   Binary Search (already exists)
2026-07-27 22:25:31,424 INFO     app.seed — SKIP   Merge Intervals (already exists)
2026-07-27 22:25:31,427 INFO     app.seed — Forum threads already seeded — skipping forum seed.
2026-07-27 22:25:31,427 INFO     app.seed — Seed complete — 0 problems seeded, 8 skipped.
2026-07-27 22:25:39,172 INFO     app.main — Database tables verified/created.
2026-07-27 22:25:39,213 INFO     app.seed — SKIP   Two Sum (already exists)
2026-07-27 22:25:39,215 INFO     app.seed — SKIP   Contains Duplicate (already exists)
2026-07-27 22:25:39,216 INFO     app.seed — SKIP   Valid Anagram (already exists)
2026-07-27 22:25:39,217 INFO     app.seed — SKIP   Container With Most Water (already exists)
2026-07-27 22:25:39,218 INFO     app.seed — SKIP   Maximum Subarray (already exists)
2026-07-27 22:25:39,220 INFO     app.seed — SKIP   Climbing Stairs (already exists)
2026-07-27 22:25:39,221 INFO     app.seed — SKIP   Binary Search (already exists)
2026-07-27 22:25:39,222 INFO     app.seed — SKIP   Merge Intervals (already exists)
2026-07-27 22:25:39,224 INFO     app.seed — Forum threads already seeded — skipping forum seed.
2026-07-27 22:25:39,225 INFO     app.seed — Seed complete — 0 problems seeded, 8 skipped.
2026-07-27 22:25:56,326 INFO     app.main — Database tables verified/created.
2026-07-27 22:25:56,354 INFO     app.seed — SKIP   Two Sum (already exists)
2026-07-27 22:25:56,356 INFO     app.seed — SKIP   Contains Duplicate (already exists)
2026-07-27 22:25:56,357 INFO     app.seed — SKIP   Valid Anagram (already exists)
2026-07-27 22:25:56,358 INFO     app.seed — SKIP   Container With Most Water (already exists)
2026-07-27 22:25:56,360 INFO     app.seed — SKIP   Maximum Subarray (already exists)
2026-07-27 22:25:56,361 INFO     app.seed — SKIP   Climbing Stairs (already exists)
2026-07-27 22:25:56,363 INFO     app.seed — SKIP   Binary Search (already exists)
2026-07-27 22:25:56,364 INFO     app.seed — SKIP   Merge Intervals (already exists)
2026-07-27 22:25:56,366 INFO     app.seed — Forum threads already seeded — skipping forum seed.
2026-07-27 22:25:56,367 INFO     app.seed — Seed complete — 0 problems seeded, 8 skipped.
2026-07-27 22:26:28,435 INFO     app.main — Database tables verified/created.
2026-07-27 22:26:28,465 INFO     app.seed — SKIP   Two Sum (already exists)
2026-07-27 22:26:28,472 INFO     app.seed — SKIP   Contains Duplicate (already exists)
2026-07-27 22:26:28,474 INFO     app.seed — SKIP   Valid Anagram (already exists)
2026-07-27 22:26:28,483 INFO     app.seed — SKIP   Container With Most Water (already exists)
2026-07-27 22:26:28,497 INFO     app.seed — SKIP   Maximum Subarray (already exists)
2026-07-27 22:26:28,505 INFO     app.seed — SKIP   Climbing Stairs (already exists)
2026-07-27 22:26:28,507 INFO     app.seed — SKIP   Binary Search (already exists)
2026-07-27 22:26:28,510 INFO     app.seed — SKIP   Merge Intervals (already exists)
2026-07-27 22:26:28,515 INFO     app.seed — Forum threads already seeded — skipping forum seed.
2026-07-27 22:26:28,517 INFO     app.seed — Seed complete — 0 problems seeded, 8 skipped.
2026-07-27 22:26:37,394 INFO     app.main — Database tables verified/created.
2026-07-27 22:26:37,426 INFO     app.seed — SKIP   Two Sum (already exists)
2026-07-27 22:26:37,431 INFO     app.seed — SKIP   Contains Duplicate (already exists)
2026-07-27 22:26:37,433 INFO     app.seed — SKIP   Valid Anagram (already exists)
2026-07-27 22:26:37,436 INFO     app.seed — SKIP   Container With Most Water (already exists)
2026-07-27 22:26:37,439 INFO     app.seed — SKIP   Maximum Subarray (already exists)
2026-07-27 22:26:37,446 INFO     app.seed — SKIP   Climbing Stairs (already exists)
2026-07-27 22:26:37,453 INFO     app.seed — SKIP   Binary Search (already exists)
2026-07-27 22:26:37,454 INFO     app.seed — SKIP   Merge Intervals (already exists)
2026-07-27 22:26:37,461 INFO     app.seed — Forum threads already seeded — skipping forum seed.
2026-07-27 22:26:37,461 INFO     app.seed — Seed complete — 0 problems seeded, 8 skipped.
2026-07-27 22:26:59,388 INFO     app.main — Database tables verified/created.
2026-07-27 22:26:59,424 INFO     app.seed — SKIP   Two Sum (already exists)
2026-07-27 22:26:59,426 INFO     app.seed — SKIP   Contains Duplicate (already exists)
2026-07-27 22:26:59,427 INFO     app.seed — SKIP   Valid Anagram (already exists)
2026-07-27 22:26:59,428 INFO     app.seed — SKIP   Container With Most Water (already exists)
2026-07-27 22:26:59,430 INFO     app.seed — SKIP   Maximum Subarray (already exists)
2026-07-27 22:26:59,431 INFO     app.seed — SKIP   Climbing Stairs (already exists)
2026-07-27 22:26:59,432 INFO     app.seed — SKIP   Binary Search (already exists)
2026-07-27 22:26:59,434 INFO     app.seed — SKIP   Merge Intervals (already exists)
2026-07-27 22:26:59,437 INFO     app.seed — Forum threads already seeded — skipping forum seed.
2026-07-27 22:26:59,437 INFO     app.seed — Seed complete — 0 problems seeded, 8 skipped.
2026-07-27 22:26:59,511 WARNING  passlib.handlers.bcrypt — (trapped) error reading bcrypt version
Traceback (most recent call last):
  File "C:\ProjectDevEnv\Algolens\.venv\Lib\site-packages\passlib\handlers\bcrypt.py", line 620, in _load_backend_mixin
    version = _bcrypt.__about__.__version__
              ^^^^^^^^^^^^^^^^^
AttributeError: module 'bcrypt' has no attribute '__about__'
2026-07-27 22:26:59,996 INFO     app.services.complexity — Complexity classification: slope=0.004 class=O(1) R²=1.000
2026-07-27 22:26:59,999 INFO     app.services.complexity — Complexity classification: slope=0.134 class=O(log n) R²=0.996
2026-07-27 22:27:00,003 INFO     app.services.complexity — Complexity classification: slope=1.004 class=O(n) R²=1.000
2026-07-27 22:27:00,007 INFO     app.services.complexity — Complexity classification: slope=1.004 class=O(n) R²=1.000
2026-07-27 22:27:00,008 INFO     app.services.complexity — Complexity classification: slope=1.004 class=O(n) R²=1.000
2026-07-27 22:27:00,008 INFO     app.services.complexity — Complexity classification: slope=1.004 class=O(n) R²=1.000
2026-07-27 22:27:00,011 INFO     app.services.complexity — Complexity classification: slope=1.134 class=O(n log n) R²=1.000
2026-07-27 22:27:00,014 INFO     app.services.complexity — Complexity classification: slope=2.005 class=O(n^2) R²=1.000
2026-07-27 22:27:00,017 WARNING  app.services.complexity — Insufficient data points for complexity classification: 1
2026-07-27 22:27:00,021 WARNING  app.services.complexity — Insufficient data points for complexity classification: 0
2026-07-27 22:27:00,024 WARNING  app.services.complexity — Insufficient data points for complexity classification: 0
2026-07-27 22:27:00,034 WARNING  app.services.complexity — Cannot compare complexity classes: 'O(unknown)' vs 'O(n)'
2026-07-27 22:27:00,093 INFO     httpx — HTTP Request: POST http://testserver/forum/threads "HTTP/1.1 201 Created"
2026-07-27 22:27:00,104 INFO     httpx — HTTP Request: GET http://testserver/forum/threads/f00bf3e1-c335-4c9c-93c6-081e4db2567b "HTTP/1.1 200 OK"
2026-07-27 22:27:00,121 INFO     httpx — HTTP Request: POST http://testserver/forum/threads/f00bf3e1-c335-4c9c-93c6-081e4db2567b/replies "HTTP/1.1 201 Created"
2026-07-27 22:27:00,141 INFO     httpx — HTTP Request: POST http://testserver/forum/threads/f00bf3e1-c335-4c9c-93c6-081e4db2567b/like "HTTP/1.1 200 OK"
2026-07-27 22:27:00,160 INFO     httpx — HTTP Request: POST http://testserver/forum/threads/f00bf3e1-c335-4c9c-93c6-081e4db2567b/like "HTTP/1.1 200 OK"
2026-07-27 22:27:00,177 INFO     httpx — HTTP Request: POST http://testserver/forum/threads "HTTP/1.1 201 Created"
2026-07-27 22:27:00,192 INFO     httpx — HTTP Request: GET http://testserver/forum/threads?category=Questions "HTTP/1.1 200 OK"
2026-07-27 22:27:00,206 INFO     httpx — HTTP Request: GET http://testserver/forum/threads?search=Segment "HTTP/1.1 200 OK"
2026-07-27 22:27:00,214 INFO     httpx — HTTP Request: POST http://testserver/forum/threads "HTTP/1.1 422 Unprocessable Entity"
2026-07-27 22:27:00,223 INFO     httpx — HTTP Request: GET http://testserver/forum/threads/not-a-valid-uuid "HTTP/1.1 422 Unprocessable Entity"
2026-07-27 22:27:02,238 WARNING  app.sandbox.executor — Docker not available — falling back to subprocess sandbox for language 'python'.
2026-07-27 22:27:02,770 WARNING  app.sandbox.executor — Docker not available — falling back to subprocess sandbox for language 'python'.
2026-07-27 22:27:02,962 WARNING  app.sandbox.executor — Docker not available — falling back to subprocess sandbox for language 'java'.
2026-07-27 22:27:04,353 WARNING  app.sandbox.executor — Docker not available — falling back to subprocess sandbox for language 'javascript'.
2026-07-27 22:27:04,534 WARNING  app.sandbox.executor — Docker not available — falling back to subprocess sandbox for language 'cpp'.
2026-07-27 22:27:09,067 WARNING  app.sandbox.executor — Docker not available — falling back to subprocess sandbox for language 'c'.
2026-07-27 22:27:09,678 WARNING  app.sandbox.executor — Docker not available — falling back to subprocess sandbox for language 'brainfuck'.
2026-07-27 22:27:09,726 INFO     httpx — HTTP Request: POST http://testserver/auth/register "HTTP/1.1 422 Unprocessable Entity"
2026-07-27 22:27:09,736 INFO     httpx — HTTP Request: GET http://testserver/problems/not-a-valid-uuid "HTTP/1.1 422 Unprocessable Entity"
2026-07-27 22:27:09,746 INFO     httpx — HTTP Request: GET http://testserver/users/e84b3570-39ad-4baf-b3a5-1423243196ef/history?limit=0 "HTTP/1.1 422 Unprocessable Entity"
2026-07-27 22:27:09,755 INFO     httpx — HTTP Request: GET http://testserver/users/e84b3570-39ad-4baf-b3a5-1423243196ef/history?limit=101 "HTTP/1.1 422 Unprocessable Entity"
2026-07-27 22:27:09,761 INFO     httpx — HTTP Request: GET http://testserver/users/e84b3570-39ad-4baf-b3a5-1423243196ef/history?offset=-1 "HTTP/1.1 422 Unprocessable Entity"
2026-07-27 22:27:15,921 INFO     app.main — Database tables verified/created.
2026-07-27 22:27:15,948 INFO     app.seed — SKIP   Two Sum (already exists)
2026-07-27 22:27:15,950 INFO     app.seed — SKIP   Contains Duplicate (already exists)
2026-07-27 22:27:15,951 INFO     app.seed — SKIP   Valid Anagram (already exists)
2026-07-27 22:27:15,952 INFO     app.seed — SKIP   Container With Most Water (already exists)
2026-07-27 22:27:15,955 INFO     app.seed — SKIP   Maximum Subarray (already exists)
2026-07-27 22:27:15,956 INFO     app.seed — SKIP   Climbing Stairs (already exists)
2026-07-27 22:27:15,957 INFO     app.seed — SKIP   Binary Search (already exists)
2026-07-27 22:27:15,958 INFO     app.seed — SKIP   Merge Intervals (already exists)
2026-07-27 22:27:15,961 INFO     app.seed — Forum threads already seeded — skipping forum seed.
2026-07-27 22:27:15,961 INFO     app.seed — Seed complete — 0 problems seeded, 8 skipped.
2026-07-27 22:27:21,273 INFO     app.main — Database tables verified/created.
2026-07-27 22:27:21,306 INFO     app.seed — SKIP   Two Sum (already exists)
2026-07-27 22:27:21,308 INFO     app.seed — SKIP   Contains Duplicate (already exists)
2026-07-27 22:27:21,309 INFO     app.seed — SKIP   Valid Anagram (already exists)
2026-07-27 22:27:21,311 INFO     app.seed — SKIP   Container With Most Water (already exists)
2026-07-27 22:27:21,313 INFO     app.seed — SKIP   Maximum Subarray (already exists)
2026-07-27 22:27:21,314 INFO     app.seed — SKIP   Climbing Stairs (already exists)
2026-07-27 22:27:21,315 INFO     app.seed — SKIP   Binary Search (already exists)
2026-07-27 22:27:21,317 INFO     app.seed — SKIP   Merge Intervals (already exists)
2026-07-27 22:27:21,320 INFO     app.seed — Forum threads already seeded — skipping forum seed.
2026-07-27 22:27:21,321 INFO     app.seed — Seed complete — 0 problems seeded, 8 skipped.
2026-07-27 22:27:24,460 INFO     app.main — Database tables verified/created.
2026-07-27 22:27:24,496 INFO     app.seed — SKIP   Two Sum (already exists)
2026-07-27 22:27:24,498 INFO     app.seed — SKIP   Contains Duplicate (already exists)
2026-07-27 22:27:24,499 INFO     app.seed — SKIP   Valid Anagram (already exists)
2026-07-27 22:27:24,500 INFO     app.seed — SKIP   Container With Most Water (already exists)
2026-07-27 22:27:24,501 INFO     app.seed — SKIP   Maximum Subarray (already exists)
2026-07-27 22:27:24,502 INFO     app.seed — SKIP   Climbing Stairs (already exists)
2026-07-27 22:27:24,503 INFO     app.seed — SKIP   Binary Search (already exists)
2026-07-27 22:27:24,506 INFO     app.seed — SKIP   Merge Intervals (already exists)
2026-07-27 22:27:24,508 INFO     app.seed — Forum threads already seeded — skipping forum seed.
2026-07-27 22:27:24,509 INFO     app.seed — Seed complete — 0 problems seeded, 8 skipped.
2026-07-27 22:27:24,571 WARNING  passlib.handlers.bcrypt — (trapped) error reading bcrypt version
Traceback (most recent call last):
  File "C:\ProjectDevEnv\Algolens\.venv\Lib\site-packages\passlib\handlers\bcrypt.py", line 620, in _load_backend_mixin
    version = _bcrypt.__about__.__version__
              ^^^^^^^^^^^^^^^^^
AttributeError: module 'bcrypt' has no attribute '__about__'
2026-07-27 22:27:25,056 INFO     app.services.complexity — Complexity classification: slope=0.004 class=O(1) R²=1.000
2026-07-27 22:27:25,059 INFO     app.services.complexity — Complexity classification: slope=0.134 class=O(log n) R²=0.996
2026-07-27 22:27:25,063 INFO     app.services.complexity — Complexity classification: slope=1.004 class=O(n) R²=1.000
2026-07-27 22:27:25,066 INFO     app.services.complexity — Complexity classification: slope=1.004 class=O(n) R²=1.000
2026-07-27 22:27:25,068 INFO     app.services.complexity — Complexity classification: slope=1.004 class=O(n) R²=1.000
2026-07-27 22:27:25,069 INFO     app.services.complexity — Complexity classification: slope=1.004 class=O(n) R²=1.000
2026-07-27 22:27:25,071 INFO     app.services.complexity — Complexity classification: slope=1.134 class=O(n log n) R²=1.000
2026-07-27 22:27:25,075 INFO     app.services.complexity — Complexity classification: slope=2.005 class=O(n^2) R²=1.000
2026-07-27 22:27:25,077 WARNING  app.services.complexity — Insufficient data points for complexity classification: 1
2026-07-27 22:27:25,079 WARNING  app.services.complexity — Insufficient data points for complexity classification: 0
2026-07-27 22:27:25,081 WARNING  app.services.complexity — Insufficient data points for complexity classification: 0
2026-07-27 22:27:25,090 WARNING  app.services.complexity — Cannot compare complexity classes: 'O(unknown)' vs 'O(n)'
2026-07-27 22:27:25,146 INFO     httpx — HTTP Request: POST http://testserver/forum/threads "HTTP/1.1 201 Created"
2026-07-27 22:27:25,156 INFO     httpx — HTTP Request: GET http://testserver/forum/threads/31887f11-346b-4eae-8b62-024b19486490 "HTTP/1.1 200 OK"
2026-07-27 22:27:25,175 INFO     httpx — HTTP Request: POST http://testserver/forum/threads/31887f11-346b-4eae-8b62-024b19486490/replies "HTTP/1.1 201 Created"
2026-07-27 22:27:25,195 INFO     httpx — HTTP Request: POST http://testserver/forum/threads/31887f11-346b-4eae-8b62-024b19486490/like "HTTP/1.1 200 OK"
2026-07-27 22:27:25,212 INFO     httpx — HTTP Request: POST http://testserver/forum/threads/31887f11-346b-4eae-8b62-024b19486490/like "HTTP/1.1 200 OK"
2026-07-27 22:27:25,229 INFO     httpx — HTTP Request: POST http://testserver/forum/threads "HTTP/1.1 201 Created"
2026-07-27 22:27:25,244 INFO     httpx — HTTP Request: GET http://testserver/forum/threads?category=Questions "HTTP/1.1 200 OK"
2026-07-27 22:27:25,259 INFO     httpx — HTTP Request: GET http://testserver/forum/threads?search=Segment "HTTP/1.1 200 OK"
2026-07-27 22:27:25,268 INFO     httpx — HTTP Request: POST http://testserver/forum/threads "HTTP/1.1 422 Unprocessable Entity"
2026-07-27 22:27:25,277 INFO     httpx — HTTP Request: GET http://testserver/forum/threads/not-a-valid-uuid "HTTP/1.1 422 Unprocessable Entity"
2026-07-27 22:27:25,467 WARNING  app.sandbox.executor — Docker not available — falling back to subprocess sandbox for language 'python'.
2026-07-27 22:27:25,722 WARNING  app.sandbox.executor — Docker not available — falling back to subprocess sandbox for language 'python'.
2026-07-27 22:27:25,919 WARNING  app.sandbox.executor — Docker not available — falling back to subprocess sandbox for language 'java'.
2026-07-27 22:27:27,125 WARNING  app.sandbox.executor — Docker not available — falling back to subprocess sandbox for language 'javascript'.
2026-07-27 22:27:27,294 WARNING  app.sandbox.executor — Docker not available — falling back to subprocess sandbox for language 'cpp'.
2026-07-27 22:27:28,347 WARNING  app.sandbox.executor — Docker not available — falling back to subprocess sandbox for language 'c'.
2026-07-27 22:27:28,738 WARNING  app.sandbox.executor — Docker not available — falling back to subprocess sandbox for language 'brainfuck'.
2026-07-27 22:27:28,776 INFO     httpx — HTTP Request: POST http://testserver/auth/register "HTTP/1.1 422 Unprocessable Entity"
2026-07-27 22:27:28,784 INFO     httpx — HTTP Request: GET http://testserver/problems/not-a-valid-uuid "HTTP/1.1 422 Unprocessable Entity"
2026-07-27 22:27:28,792 INFO     httpx — HTTP Request: GET http://testserver/users/b4c5c351-d905-456e-ab07-ba98bd304e89/history?limit=0 "HTTP/1.1 422 Unprocessable Entity"
2026-07-27 22:27:28,799 INFO     httpx — HTTP Request: GET http://testserver/users/b4c5c351-d905-456e-ab07-ba98bd304e89/history?limit=101 "HTTP/1.1 422 Unprocessable Entity"
2026-07-27 22:27:28,805 INFO     httpx — HTTP Request: GET http://testserver/users/b4c5c351-d905-456e-ab07-ba98bd304e89/history?offset=-1 "HTTP/1.1 422 Unprocessable Entity"
2026-07-27 22:28:09,216 WARNING  passlib.handlers.bcrypt — (trapped) error reading bcrypt version
Traceback (most recent call last):
  File "C:\Users\soham\AppData\Local\Programs\Python\Python313\Lib\site-packages\passlib\handlers\bcrypt.py", line 620, in _load_backend_mixin
    version = _bcrypt.__about__.__version__
              ^^^^^^^^^^^^^^^^^
AttributeError: module 'bcrypt' has no attribute '__about__'
2026-07-27 22:30:09,739 INFO     app.main — Added missing 'language' column to submissions table.
2026-07-27 22:30:09,739 INFO     app.main — Database tables verified/created.
2026-07-27 22:30:09,754 INFO     app.seed — SKIP   Two Sum (already exists)
2026-07-27 22:30:09,755 INFO     app.seed — SKIP   Contains Duplicate (already exists)
2026-07-27 22:30:09,756 INFO     app.seed — SKIP   Valid Anagram (already exists)
2026-07-27 22:30:09,756 INFO     app.seed — SKIP   Container With Most Water (already exists)
2026-07-27 22:30:09,757 INFO     app.seed — SKIP   Maximum Subarray (already exists)
2026-07-27 22:30:09,758 INFO     app.seed — SKIP   Climbing Stairs (already exists)
2026-07-27 22:30:09,758 INFO     app.seed — SKIP   Binary Search (already exists)
2026-07-27 22:30:09,759 INFO     app.seed — SKIP   Merge Intervals (already exists)
2026-07-27 22:30:09,760 INFO     app.seed — Forum threads already seeded — skipping forum seed.
2026-07-27 22:30:09,760 INFO     app.seed — Seed complete — 0 problems seeded, 8 skipped.
2026-07-27 22:30:17,266 INFO     app.main — Database tables verified/created.
2026-07-27 22:30:17,285 INFO     app.seed — SKIP   Two Sum (already exists)
2026-07-27 22:30:17,286 INFO     app.seed — SKIP   Contains Duplicate (already exists)
2026-07-27 22:30:17,286 INFO     app.seed — SKIP   Valid Anagram (already exists)
2026-07-27 22:30:17,287 INFO     app.seed — SKIP   Container With Most Water (already exists)
2026-07-27 22:30:17,287 INFO     app.seed — SKIP   Maximum Subarray (already exists)
2026-07-27 22:30:17,287 INFO     app.seed — SKIP   Climbing Stairs (already exists)
2026-07-27 22:30:17,288 INFO     app.seed — SKIP   Binary Search (already exists)
2026-07-27 22:30:17,288 INFO     app.seed — SKIP   Merge Intervals (already exists)
2026-07-27 22:30:17,289 INFO     app.seed — Forum threads already seeded — skipping forum seed.
2026-07-27 22:30:17,289 INFO     app.seed — Seed complete — 0 problems seeded, 8 skipped.
2026-07-27 22:30:17,322 WARNING  passlib.handlers.bcrypt — (trapped) error reading bcrypt version
Traceback (most recent call last):
  File "C:\ProjectDevEnv\Algolens\.venv\Lib\site-packages\passlib\handlers\bcrypt.py", line 620, in _load_backend_mixin
    version = _bcrypt.__about__.__version__
              ^^^^^^^^^^^^^^^^^
AttributeError: module 'bcrypt' has no attribute '__about__'
2026-07-27 22:30:17,736 INFO     app.services.complexity — Complexity classification: slope=0.004 class=O(1) R²=1.000
2026-07-27 22:30:17,738 INFO     app.services.complexity — Complexity classification: slope=0.134 class=O(log n) R²=0.996
2026-07-27 22:30:17,740 INFO     app.services.complexity — Complexity classification: slope=1.004 class=O(n) R²=1.000
2026-07-27 22:30:17,741 INFO     app.services.complexity — Complexity classification: slope=1.004 class=O(n) R²=1.000
2026-07-27 22:30:17,741 INFO     app.services.complexity — Complexity classification: slope=1.004 class=O(n) R²=1.000
2026-07-27 22:30:17,742 INFO     app.services.complexity — Complexity classification: slope=1.004 class=O(n) R²=1.000
2026-07-27 22:30:17,743 INFO     app.services.complexity — Complexity classification: slope=1.134 class=O(n log n) R²=1.000
2026-07-27 22:30:17,745 INFO     app.services.complexity — Complexity classification: slope=2.005 class=O(n^2) R²=1.000
2026-07-27 22:30:17,746 WARNING  app.services.complexity — Insufficient data points for complexity classification: 1
2026-07-27 22:30:17,746 WARNING  app.services.complexity — Insufficient data points for complexity classification: 0
2026-07-27 22:30:17,747 WARNING  app.services.complexity — Insufficient data points for complexity classification: 0
2026-07-27 22:30:17,751 WARNING  app.services.complexity — Cannot compare complexity classes: 'O(unknown)' vs 'O(n)'
2026-07-27 22:30:17,778 INFO     httpx — HTTP Request: POST http://testserver/forum/threads "HTTP/1.1 201 Created"
2026-07-27 22:30:17,784 INFO     httpx — HTTP Request: GET http://testserver/forum/threads/9b5a4af9-33a1-491a-88de-6d2ab14d46cf "HTTP/1.1 200 OK"
2026-07-27 22:30:17,792 INFO     httpx — HTTP Request: POST http://testserver/forum/threads/9b5a4af9-33a1-491a-88de-6d2ab14d46cf/replies "HTTP/1.1 201 Created"
2026-07-27 22:30:17,803 INFO     httpx — HTTP Request: POST http://testserver/forum/threads/9b5a4af9-33a1-491a-88de-6d2ab14d46cf/like "HTTP/1.1 200 OK"
2026-07-27 22:30:17,813 INFO     httpx — HTTP Request: POST http://testserver/forum/threads/9b5a4af9-33a1-491a-88de-6d2ab14d46cf/like "HTTP/1.1 200 OK"
2026-07-27 22:30:17,821 INFO     httpx — HTTP Request: POST http://testserver/forum/threads "HTTP/1.1 201 Created"
2026-07-27 22:30:17,829 INFO     httpx — HTTP Request: GET http://testserver/forum/threads?category=Questions "HTTP/1.1 200 OK"
2026-07-27 22:30:17,838 INFO     httpx — HTTP Request: GET http://testserver/forum/threads?search=Segment "HTTP/1.1 200 OK"
2026-07-27 22:30:17,843 INFO     httpx — HTTP Request: POST http://testserver/forum/threads "HTTP/1.1 422 Unprocessable Entity"
2026-07-27 22:30:17,847 INFO     httpx — HTTP Request: GET http://testserver/forum/threads/not-a-valid-uuid "HTTP/1.1 422 Unprocessable Entity"
2026-07-27 22:30:17,976 WARNING  app.sandbox.executor — Docker not available — falling back to subprocess sandbox for language 'python'.
2026-07-27 22:30:18,092 WARNING  app.sandbox.executor — Docker not available — falling back to subprocess sandbox for language 'python'.
2026-07-27 22:30:18,157 WARNING  app.sandbox.executor — Docker not available — falling back to subprocess sandbox for language 'java'.
2026-07-27 22:30:18,766 WARNING  app.sandbox.executor — Docker not available — falling back to subprocess sandbox for language 'javascript'.
2026-07-27 22:30:18,870 WARNING  app.sandbox.executor — Docker not available — falling back to subprocess sandbox for language 'cpp'.
2026-07-27 22:30:19,552 WARNING  app.sandbox.executor — Docker not available — falling back to subprocess sandbox for language 'c'.
2026-07-27 22:30:19,851 WARNING  app.sandbox.executor — Docker not available — falling back to subprocess sandbox for language 'brainfuck'.
2026-07-27 22:30:19,870 INFO     httpx — HTTP Request: POST http://testserver/auth/register "HTTP/1.1 422 Unprocessable Entity"
2026-07-27 22:30:19,874 INFO     httpx — HTTP Request: GET http://testserver/problems/not-a-valid-uuid "HTTP/1.1 422 Unprocessable Entity"
2026-07-27 22:30:19,878 INFO     httpx — HTTP Request: GET http://testserver/users/87fdfcd2-5d51-4d4f-a8ba-d47f9a0e7bae/history?limit=0 "HTTP/1.1 422 Unprocessable Entity"
2026-07-27 22:30:19,881 INFO     httpx — HTTP Request: GET http://testserver/users/87fdfcd2-5d51-4d4f-a8ba-d47f9a0e7bae/history?limit=101 "HTTP/1.1 422 Unprocessable Entity"
2026-07-27 22:30:19,884 INFO     httpx — HTTP Request: GET http://testserver/users/87fdfcd2-5d51-4d4f-a8ba-d47f9a0e7bae/history?offset=-1 "HTTP/1.1 422 Unprocessable Entity"
2026-07-27 22:31:13,664 INFO     app.services.pipeline — [submission 123ad26b-062a-4d82-a684-c344cdcb00b7] pipeline start — problem='Binary Search'
2026-07-27 22:31:13,718 WARNING  app.sandbox.executor — Docker not available — falling back to subprocess sandbox for language 'cpp'.
2026-07-27 22:31:14,389 INFO     app.services.pipeline — [submission 123ad26b-062a-4d82-a684-c344cdcb00b7] correctness passed — 4 test cases
2026-07-27 22:31:19,441 INFO     app.services.pipeline — [submission 123ad26b-062a-4d82-a684-c344cdcb00b7] benchmark complete — 5 points
2026-07-27 22:31:19,451 INFO     app.services.complexity — Complexity classification: slope=0.248 class=O(log n) R²=0.668
2026-07-27 22:31:19,452 INFO     app.services.pipeline — [submission 123ad26b-062a-4d82-a684-c344cdcb00b7] no complexity gap — empirical=O(log n) optimal=O(log n)
2026-07-27 22:31:19,462 INFO     app.services.pipeline — [submission 123ad26b-062a-4d82-a684-c344cdcb00b7] pipeline complete
2026-07-27 22:36:47,204 INFO     app.services.pipeline — [submission 48ec52dd-abf9-4a66-bdb4-a681b0c8e009] pipeline start — problem='Binary Search'
2026-07-27 22:36:47,282 WARNING  app.sandbox.executor — Docker not available — falling back to subprocess sandbox for language 'cpp'.
2026-07-27 22:36:49,290 INFO     app.services.pipeline — [submission 48ec52dd-abf9-4a66-bdb4-a681b0c8e009] correctness passed — 4 test cases
2026-07-27 22:37:02,565 INFO     app.services.pipeline — [submission 48ec52dd-abf9-4a66-bdb4-a681b0c8e009] benchmark complete — 5 points
2026-07-27 22:37:02,569 INFO     app.services.complexity — Complexity classification: slope=0.487 class=O(log n) R²=0.848
2026-07-27 22:37:02,570 INFO     app.services.pipeline — [submission 48ec52dd-abf9-4a66-bdb4-a681b0c8e009] no complexity gap — empirical=O(log n) optimal=O(log n)
2026-07-27 22:37:02,580 INFO     app.services.pipeline — [submission 48ec52dd-abf9-4a66-bdb4-a681b0c8e009] pipeline complete
2026-07-27 22:39:24,505 INFO     app.main — Database tables verified/created.
2026-07-27 22:39:24,539 INFO     app.seed — SKIP   Two Sum (already exists)
2026-07-27 22:39:24,541 INFO     app.seed — SKIP   Contains Duplicate (already exists)
2026-07-27 22:39:24,542 INFO     app.seed — SKIP   Valid Anagram (already exists)
2026-07-27 22:39:24,544 INFO     app.seed — SKIP   Container With Most Water (already exists)
2026-07-27 22:39:24,546 INFO     app.seed — SKIP   Maximum Subarray (already exists)
2026-07-27 22:39:24,547 INFO     app.seed — SKIP   Climbing Stairs (already exists)
2026-07-27 22:39:24,548 INFO     app.seed — SKIP   Binary Search (already exists)
2026-07-27 22:39:24,550 INFO     app.seed — SKIP   Merge Intervals (already exists)
2026-07-27 22:39:24,553 INFO     app.seed — Forum threads already seeded — skipping forum seed.
2026-07-27 22:39:24,554 INFO     app.seed — Seed complete — 0 problems seeded, 8 skipped.
2026-07-27 22:39:31,448 INFO     app.main — Database tables verified/created.
2026-07-27 22:39:31,482 INFO     app.seed — SKIP   Two Sum (already exists)
2026-07-27 22:39:31,484 INFO     app.seed — SKIP   Contains Duplicate (already exists)
2026-07-27 22:39:31,485 INFO     app.seed — SKIP   Valid Anagram (already exists)
2026-07-27 22:39:31,486 INFO     app.seed — SKIP   Container With Most Water (already exists)
2026-07-27 22:39:31,487 INFO     app.seed — SKIP   Maximum Subarray (already exists)
2026-07-27 22:39:31,488 INFO     app.seed — SKIP   Climbing Stairs (already exists)
2026-07-27 22:39:31,489 INFO     app.seed — SKIP   Binary Search (already exists)
2026-07-27 22:39:31,491 INFO     app.seed — SKIP   Merge Intervals (already exists)
2026-07-27 22:39:31,493 INFO     app.seed — Forum threads already seeded — skipping forum seed.
2026-07-27 22:39:31,494 INFO     app.seed — Seed complete — 0 problems seeded, 8 skipped.
2026-07-27 22:39:31,566 WARNING  passlib.handlers.bcrypt — (trapped) error reading bcrypt version
Traceback (most recent call last):
  File "C:\ProjectDevEnv\Algolens\.venv\Lib\site-packages\passlib\handlers\bcrypt.py", line 620, in _load_backend_mixin
    version = _bcrypt.__about__.__version__
              ^^^^^^^^^^^^^^^^^
AttributeError: module 'bcrypt' has no attribute '__about__'
2026-07-27 22:39:32,068 INFO     app.services.complexity — Complexity classification: raw_slope=0.004 eff_slope=0.000 ratio=1.07 class=O(1) R²=1.000
2026-07-27 22:39:32,072 INFO     app.services.complexity — Complexity classification: raw_slope=0.134 eff_slope=0.338 ratio=2.51 class=O(log n) R²=0.996
2026-07-27 22:39:32,076 INFO     app.services.complexity — Complexity classification: raw_slope=1.004 eff_slope=1.016 ratio=1003.68 class=O(n log n) R²=1.000
2026-07-27 22:39:32,314 INFO     app.services.complexity — Complexity classification: raw_slope=1.004 eff_slope=0.000 ratio=1003.68 class=O(1) R²=1.000
2026-07-27 22:39:32,323 INFO     app.services.complexity — Complexity classification: raw_slope=1.134 eff_slope=1.134 ratio=2509.19 class=O(n log n) R²=1.000
2026-07-27 22:39:32,327 INFO     app.services.complexity — Complexity classification: raw_slope=2.005 eff_slope=0.000 ratio=10036.76 class=O(1) R²=1.000
2026-07-27 22:39:32,336 WARNING  app.services.complexity — Insufficient data points for complexity classification: 1
2026-07-27 22:39:32,339 WARNING  app.services.complexity — Insufficient data points for complexity classification: 0
2026-07-27 22:39:32,341 WARNING  app.services.complexity — Insufficient data points for complexity classification: 0
2026-07-27 22:39:32,350 WARNING  app.services.complexity — Cannot compare complexity classes: 'O(unknown)' vs 'O(n)'
2026-07-27 22:39:32,410 INFO     httpx — HTTP Request: POST http://testserver/forum/threads "HTTP/1.1 201 Created"
2026-07-27 22:39:32,422 INFO     httpx — HTTP Request: GET http://testserver/forum/threads/93b19ce8-3be3-49f8-8343-22d665edde77 "HTTP/1.1 200 OK"
2026-07-27 22:39:32,439 INFO     httpx — HTTP Request: POST http://testserver/forum/threads/93b19ce8-3be3-49f8-8343-22d665edde77/replies "HTTP/1.1 201 Created"
2026-07-27 22:39:32,461 INFO     httpx — HTTP Request: POST http://testserver/forum/threads/93b19ce8-3be3-49f8-8343-22d665edde77/like "HTTP/1.1 200 OK"
2026-07-27 22:39:32,480 INFO     httpx — HTTP Request: POST http://testserver/forum/threads/93b19ce8-3be3-49f8-8343-22d665edde77/like "HTTP/1.1 200 OK"
2026-07-27 22:39:32,499 INFO     httpx — HTTP Request: POST http://testserver/forum/threads "HTTP/1.1 201 Created"
2026-07-27 22:39:32,519 INFO     httpx — HTTP Request: GET http://testserver/forum/threads?category=Questions "HTTP/1.1 200 OK"
2026-07-27 22:39:32,538 INFO     httpx — HTTP Request: GET http://testserver/forum/threads?search=Segment "HTTP/1.1 200 OK"
2026-07-27 22:39:32,547 INFO     httpx — HTTP Request: POST http://testserver/forum/threads "HTTP/1.1 422 Unprocessable Entity"
2026-07-27 22:39:32,557 INFO     httpx — HTTP Request: GET http://testserver/forum/threads/not-a-valid-uuid "HTTP/1.1 422 Unprocessable Entity"
2026-07-27 22:39:36,729 ERROR    app.sandbox.executor — Docker sandbox run failed: 404 Client Error for http+docker://localnpipe/v1.55/images/create?tag=latest&fromImage=algolens-sandbox: Not Found ("pull access denied for algolens-sandbox, repository does not exist or may require 'docker login'")
2026-07-27 22:39:40,513 ERROR    app.sandbox.executor — Docker sandbox run failed: 404 Client Error for http+docker://localnpipe/v1.55/images/create?tag=latest&fromImage=algolens-sandbox: Not Found ("pull access denied for algolens-sandbox, repository does not exist or may require 'docker login'")
2026-07-27 22:39:42,326 ERROR    app.sandbox.executor — Docker sandbox run failed: 404 Client Error for http+docker://localnpipe/v1.55/images/create?tag=latest&fromImage=algolens-sandbox: Not Found ("pull access denied for algolens-sandbox, repository does not exist or may require 'docker login'")
2026-07-27 22:39:45,242 ERROR    app.sandbox.executor — Docker sandbox run failed: 404 Client Error for http+docker://localnpipe/v1.55/images/create?tag=latest&fromImage=algolens-sandbox: Not Found ("pull access denied for algolens-sandbox, repository does not exist or may require 'docker login'")
2026-07-27 22:39:48,232 ERROR    app.sandbox.executor — Docker sandbox run failed: 404 Client Error for http+docker://localnpipe/v1.55/images/create?tag=latest&fromImage=algolens-sandbox: Not Found ("pull access denied for algolens-sandbox, repository does not exist or may require 'docker login'")
2026-07-27 22:39:48,315 INFO     httpx — HTTP Request: POST http://testserver/auth/register "HTTP/1.1 422 Unprocessable Entity"
2026-07-27 22:39:48,324 INFO     httpx — HTTP Request: GET http://testserver/problems/not-a-valid-uuid "HTTP/1.1 422 Unprocessable Entity"
2026-07-27 22:39:48,336 INFO     httpx — HTTP Request: GET http://testserver/users/7ae2a626-1fd1-40d2-a849-e51e7b3d3e32/history?limit=0 "HTTP/1.1 422 Unprocessable Entity"
2026-07-27 22:39:48,342 INFO     httpx — HTTP Request: GET http://testserver/users/7ae2a626-1fd1-40d2-a849-e51e7b3d3e32/history?limit=101 "HTTP/1.1 422 Unprocessable Entity"
2026-07-27 22:39:48,349 INFO     httpx — HTTP Request: GET http://testserver/users/7ae2a626-1fd1-40d2-a849-e51e7b3d3e32/history?offset=-1 "HTTP/1.1 422 Unprocessable Entity"
2026-07-27 22:40:14,245 INFO     app.main — Database tables verified/created.
2026-07-27 22:40:14,275 INFO     app.seed — SKIP   Two Sum (already exists)
2026-07-27 22:40:14,277 INFO     app.seed — SKIP   Contains Duplicate (already exists)
2026-07-27 22:40:14,278 INFO     app.seed — SKIP   Valid Anagram (already exists)
2026-07-27 22:40:14,279 INFO     app.seed — SKIP   Container With Most Water (already exists)
2026-07-27 22:40:14,281 INFO     app.seed — SKIP   Maximum Subarray (already exists)
2026-07-27 22:40:14,282 INFO     app.seed — SKIP   Climbing Stairs (already exists)
2026-07-27 22:40:14,283 INFO     app.seed — SKIP   Binary Search (already exists)
2026-07-27 22:40:14,284 INFO     app.seed — SKIP   Merge Intervals (already exists)
2026-07-27 22:40:14,287 INFO     app.seed — Forum threads already seeded — skipping forum seed.
2026-07-27 22:40:14,288 INFO     app.seed — Seed complete — 0 problems seeded, 8 skipped.
2026-07-27 22:40:20,246 INFO     app.main — Database tables verified/created.
2026-07-27 22:40:20,280 INFO     app.seed — SKIP   Two Sum (already exists)
2026-07-27 22:40:20,282 INFO     app.seed — SKIP   Contains Duplicate (already exists)
2026-07-27 22:40:20,283 INFO     app.seed — SKIP   Valid Anagram (already exists)
2026-07-27 22:40:20,285 INFO     app.seed — SKIP   Container With Most Water (already exists)
2026-07-27 22:40:20,286 INFO     app.seed — SKIP   Maximum Subarray (already exists)
2026-07-27 22:40:20,287 INFO     app.seed — SKIP   Climbing Stairs (already exists)
2026-07-27 22:40:20,288 INFO     app.seed — SKIP   Binary Search (already exists)
2026-07-27 22:40:20,290 INFO     app.seed — SKIP   Merge Intervals (already exists)
2026-07-27 22:40:20,293 INFO     app.seed — Forum threads already seeded — skipping forum seed.
2026-07-27 22:40:20,293 INFO     app.seed — Seed complete — 0 problems seeded, 8 skipped.
2026-07-27 22:40:20,364 WARNING  passlib.handlers.bcrypt — (trapped) error reading bcrypt version
Traceback (most recent call last):
  File "C:\ProjectDevEnv\Algolens\.venv\Lib\site-packages\passlib\handlers\bcrypt.py", line 620, in _load_backend_mixin
    version = _bcrypt.__about__.__version__
              ^^^^^^^^^^^^^^^^^
AttributeError: module 'bcrypt' has no attribute '__about__'
2026-07-27 22:40:20,867 INFO     app.services.complexity — Complexity classification: raw_slope=0.004 eff_slope=0.000 ratio=1.07 class=O(1) R²=1.000
2026-07-27 22:40:20,871 INFO     app.services.complexity — Complexity classification: raw_slope=0.134 eff_slope=0.338 ratio=2.51 class=O(log n) R²=0.996
2026-07-27 22:40:20,874 INFO     app.services.complexity — Complexity classification: raw_slope=1.004 eff_slope=1.016 ratio=1003.68 class=O(n) R²=1.000
2026-07-27 22:40:20,877 INFO     app.services.complexity — Complexity classification: raw_slope=1.004 eff_slope=1.004 ratio=1003.68 class=O(n) R²=1.000
2026-07-27 22:40:20,878 INFO     app.services.complexity — Complexity classification: raw_slope=1.004 eff_slope=1.016 ratio=1003.68 class=O(n) R²=1.000
2026-07-27 22:40:20,879 INFO     app.services.complexity — Complexity classification: raw_slope=1.004 eff_slope=1.240 ratio=1003.68 class=O(n log n) R²=1.000
2026-07-27 22:40:21,088 INFO     app.services.complexity — Complexity classification: raw_slope=1.134 eff_slope=1.134 ratio=2509.19 class=O(n log n) R²=1.000
2026-07-27 22:40:21,092 INFO     app.services.complexity — Complexity classification: raw_slope=2.005 eff_slope=2.005 ratio=10036.76 class=O(n^2) R²=1.000
2026-07-27 22:40:21,095 WARNING  app.services.complexity — Insufficient data points for complexity classification: 1
2026-07-27 22:40:21,097 WARNING  app.services.complexity — Insufficient data points for complexity classification: 0
2026-07-27 22:40:21,099 WARNING  app.services.complexity — Insufficient data points for complexity classification: 0
2026-07-27 22:40:21,108 WARNING  app.services.complexity — Cannot compare complexity classes: 'O(unknown)' vs 'O(n)'
2026-07-27 22:40:21,166 INFO     httpx — HTTP Request: POST http://testserver/forum/threads "HTTP/1.1 201 Created"
2026-07-27 22:40:21,177 INFO     httpx — HTTP Request: GET http://testserver/forum/threads/38aff591-1015-4970-9187-ebe318c42ccb "HTTP/1.1 200 OK"
2026-07-27 22:40:21,194 INFO     httpx — HTTP Request: POST http://testserver/forum/threads/38aff591-1015-4970-9187-ebe318c42ccb/replies "HTTP/1.1 201 Created"
2026-07-27 22:40:21,212 INFO     httpx — HTTP Request: POST http://testserver/forum/threads/38aff591-1015-4970-9187-ebe318c42ccb/like "HTTP/1.1 200 OK"
2026-07-27 22:40:21,231 INFO     httpx — HTTP Request: POST http://testserver/forum/threads/38aff591-1015-4970-9187-ebe318c42ccb/like "HTTP/1.1 200 OK"
2026-07-27 22:40:21,250 INFO     httpx — HTTP Request: POST http://testserver/forum/threads "HTTP/1.1 201 Created"
2026-07-27 22:40:21,273 INFO     httpx — HTTP Request: GET http://testserver/forum/threads?category=Questions "HTTP/1.1 200 OK"
2026-07-27 22:40:21,293 INFO     httpx — HTTP Request: GET http://testserver/forum/threads?search=Segment "HTTP/1.1 200 OK"
2026-07-27 22:40:21,302 INFO     httpx — HTTP Request: POST http://testserver/forum/threads "HTTP/1.1 422 Unprocessable Entity"
2026-07-27 22:40:21,311 INFO     httpx — HTTP Request: GET http://testserver/forum/threads/not-a-valid-uuid "HTTP/1.1 422 Unprocessable Entity"
2026-07-27 22:40:22,452 ERROR    app.sandbox.executor — Docker sandbox run failed: 'NpipeSocket' object has no attribute '_sock'
2026-07-27 22:40:24,027 ERROR    app.sandbox.executor — Docker sandbox run failed: 'NpipeSocket' object has no attribute '_sock'
2026-07-27 22:40:24,502 ERROR    app.sandbox.executor — Docker sandbox run failed: 'NpipeSocket' object has no attribute '_sock'
2026-07-27 22:40:26,004 ERROR    app.sandbox.executor — Docker sandbox run failed: 'NpipeSocket' object has no attribute '_sock'
2026-07-27 22:40:26,740 ERROR    app.sandbox.executor — Docker sandbox run failed: 'NpipeSocket' object has no attribute '_sock'
2026-07-27 22:40:26,811 INFO     httpx — HTTP Request: POST http://testserver/auth/register "HTTP/1.1 422 Unprocessable Entity"
2026-07-27 22:40:26,820 INFO     httpx — HTTP Request: GET http://testserver/problems/not-a-valid-uuid "HTTP/1.1 422 Unprocessable Entity"
2026-07-27 22:40:26,831 INFO     httpx — HTTP Request: GET http://testserver/users/5e39a056-bccf-4ae9-9691-3c563dbad6d2/history?limit=0 "HTTP/1.1 422 Unprocessable Entity"
2026-07-27 22:40:26,837 INFO     httpx — HTTP Request: GET http://testserver/users/5e39a056-bccf-4ae9-9691-3c563dbad6d2/history?limit=101 "HTTP/1.1 422 Unprocessable Entity"
2026-07-27 22:40:26,843 INFO     httpx — HTTP Request: GET http://testserver/users/5e39a056-bccf-4ae9-9691-3c563dbad6d2/history?offset=-1 "HTTP/1.1 422 Unprocessable Entity"
2026-07-27 22:40:34,501 INFO     app.main — Database tables verified/created.
2026-07-27 22:40:34,531 INFO     app.seed — SKIP   Two Sum (already exists)
2026-07-27 22:40:34,532 INFO     app.seed — SKIP   Contains Duplicate (already exists)
2026-07-27 22:40:34,534 INFO     app.seed — SKIP   Valid Anagram (already exists)
2026-07-27 22:40:34,535 INFO     app.seed — SKIP   Container With Most Water (already exists)
2026-07-27 22:40:34,537 INFO     app.seed — SKIP   Maximum Subarray (already exists)
2026-07-27 22:40:34,539 INFO     app.seed — SKIP   Climbing Stairs (already exists)
2026-07-27 22:40:34,540 INFO     app.seed — SKIP   Binary Search (already exists)
2026-07-27 22:40:34,541 INFO     app.seed — SKIP   Merge Intervals (already exists)
2026-07-27 22:40:34,543 INFO     app.seed — Forum threads already seeded — skipping forum seed.
2026-07-27 22:40:34,544 INFO     app.seed — Seed complete — 0 problems seeded, 8 skipped.
2026-07-27 22:40:40,468 INFO     app.main — Database tables verified/created.
2026-07-27 22:40:40,504 INFO     app.seed — SKIP   Two Sum (already exists)
2026-07-27 22:40:40,507 INFO     app.seed — SKIP   Contains Duplicate (already exists)
2026-07-27 22:40:40,509 INFO     app.seed — SKIP   Valid Anagram (already exists)
2026-07-27 22:40:40,510 INFO     app.seed — SKIP   Container With Most Water (already exists)
2026-07-27 22:40:40,512 INFO     app.seed — SKIP   Maximum Subarray (already exists)
2026-07-27 22:40:40,513 INFO     app.seed — SKIP   Climbing Stairs (already exists)
2026-07-27 22:40:40,515 INFO     app.seed — SKIP   Binary Search (already exists)
2026-07-27 22:40:40,516 INFO     app.seed — SKIP   Merge Intervals (already exists)
2026-07-27 22:40:40,519 INFO     app.seed — Forum threads already seeded — skipping forum seed.
2026-07-27 22:40:40,519 INFO     app.seed — Seed complete — 0 problems seeded, 8 skipped.
2026-07-27 22:40:46,184 INFO     app.main — Database tables verified/created.
2026-07-27 22:40:46,219 INFO     app.seed — SKIP   Two Sum (already exists)
2026-07-27 22:40:46,220 INFO     app.seed — SKIP   Contains Duplicate (already exists)
2026-07-27 22:40:46,221 INFO     app.seed — SKIP   Valid Anagram (already exists)
2026-07-27 22:40:46,222 INFO     app.seed — SKIP   Container With Most Water (already exists)
2026-07-27 22:40:46,223 INFO     app.seed — SKIP   Maximum Subarray (already exists)
2026-07-27 22:40:46,225 INFO     app.seed — SKIP   Climbing Stairs (already exists)
2026-07-27 22:40:46,226 INFO     app.seed — SKIP   Binary Search (already exists)
2026-07-27 22:40:46,228 INFO     app.seed — SKIP   Merge Intervals (already exists)
2026-07-27 22:40:46,230 INFO     app.seed — Forum threads already seeded — skipping forum seed.
2026-07-27 22:40:46,231 INFO     app.seed — Seed complete — 0 problems seeded, 8 skipped.
2026-07-27 22:40:46,296 WARNING  passlib.handlers.bcrypt — (trapped) error reading bcrypt version
Traceback (most recent call last):
  File "C:\ProjectDevEnv\Algolens\.venv\Lib\site-packages\passlib\handlers\bcrypt.py", line 620, in _load_backend_mixin
    version = _bcrypt.__about__.__version__
              ^^^^^^^^^^^^^^^^^
AttributeError: module 'bcrypt' has no attribute '__about__'
2026-07-27 22:40:46,788 INFO     app.services.complexity — Complexity classification: raw_slope=0.004 eff_slope=0.000 ratio=1.07 class=O(1) R²=1.000
2026-07-27 22:40:46,791 INFO     app.services.complexity — Complexity classification: raw_slope=0.134 eff_slope=0.338 ratio=2.51 class=O(log n) R²=0.996
2026-07-27 22:40:46,794 INFO     app.services.complexity — Complexity classification: raw_slope=1.004 eff_slope=1.240 ratio=1003.68 class=O(n log n) R²=1.000
2026-07-27 22:40:47,027 INFO     app.services.complexity — Complexity classification: raw_slope=1.004 eff_slope=1.240 ratio=1003.68 class=O(n log n) R²=1.000
2026-07-27 22:40:47,038 INFO     app.services.complexity — Complexity classification: raw_slope=1.134 eff_slope=1.370 ratio=2509.19 class=O(n log n) R²=1.000
2026-07-27 22:40:47,041 INFO     app.services.complexity — Complexity classification: raw_slope=2.005 eff_slope=2.024 ratio=10036.76 class=O(n^2) R²=1.000
2026-07-27 22:40:47,044 WARNING  app.services.complexity — Insufficient data points for complexity classification: 1
2026-07-27 22:40:47,047 WARNING  app.services.complexity — Insufficient data points for complexity classification: 0
2026-07-27 22:40:47,049 WARNING  app.services.complexity — Insufficient data points for complexity classification: 0
2026-07-27 22:40:47,058 WARNING  app.services.complexity — Cannot compare complexity classes: 'O(unknown)' vs 'O(n)'
2026-07-27 22:40:47,113 INFO     httpx — HTTP Request: POST http://testserver/forum/threads "HTTP/1.1 201 Created"
2026-07-27 22:40:47,124 INFO     httpx — HTTP Request: GET http://testserver/forum/threads/83e2796c-9217-4959-bb25-44f589e68d0f "HTTP/1.1 200 OK"
2026-07-27 22:40:47,141 INFO     httpx — HTTP Request: POST http://testserver/forum/threads/83e2796c-9217-4959-bb25-44f589e68d0f/replies "HTTP/1.1 201 Created"
2026-07-27 22:40:47,161 INFO     httpx — HTTP Request: POST http://testserver/forum/threads/83e2796c-9217-4959-bb25-44f589e68d0f/like "HTTP/1.1 200 OK"
2026-07-27 22:40:47,180 INFO     httpx — HTTP Request: POST http://testserver/forum/threads/83e2796c-9217-4959-bb25-44f589e68d0f/like "HTTP/1.1 200 OK"
2026-07-27 22:40:47,197 INFO     httpx — HTTP Request: POST http://testserver/forum/threads "HTTP/1.1 201 Created"
2026-07-27 22:40:47,224 INFO     httpx — HTTP Request: GET http://testserver/forum/threads?category=Questions "HTTP/1.1 200 OK"
2026-07-27 22:40:47,244 INFO     httpx — HTTP Request: GET http://testserver/forum/threads?search=Segment "HTTP/1.1 200 OK"
2026-07-27 22:40:47,252 INFO     httpx — HTTP Request: POST http://testserver/forum/threads "HTTP/1.1 422 Unprocessable Entity"
2026-07-27 22:40:47,261 INFO     httpx — HTTP Request: GET http://testserver/forum/threads/not-a-valid-uuid "HTTP/1.1 422 Unprocessable Entity"
2026-07-27 22:41:13,188 INFO     httpx — HTTP Request: POST http://testserver/auth/register "HTTP/1.1 422 Unprocessable Entity"
2026-07-27 22:41:13,244 INFO     httpx — HTTP Request: GET http://testserver/problems/not-a-valid-uuid "HTTP/1.1 422 Unprocessable Entity"
2026-07-27 22:41:13,332 INFO     httpx — HTTP Request: GET http://testserver/users/a0a01345-b30a-4668-bf11-85048eb09d78/history?limit=0 "HTTP/1.1 422 Unprocessable Entity"
2026-07-27 22:41:13,423 INFO     httpx — HTTP Request: GET http://testserver/users/a0a01345-b30a-4668-bf11-85048eb09d78/history?limit=101 "HTTP/1.1 422 Unprocessable Entity"
2026-07-27 22:41:13,491 INFO     httpx — HTTP Request: GET http://testserver/users/a0a01345-b30a-4668-bf11-85048eb09d78/history?offset=-1 "HTTP/1.1 422 Unprocessable Entity"
2026-07-27 22:41:25,257 INFO     app.services.pipeline — [submission 5aeb1aa1-8108-420c-a83b-8ea24e7a5086] pipeline start — problem='Binary Search'
2026-07-27 22:41:25,316 WARNING  app.sandbox.executor — Docker not available — falling back to subprocess sandbox for language 'cpp'.
2026-07-27 22:41:27,072 INFO     app.services.pipeline — [submission 5aeb1aa1-8108-420c-a83b-8ea24e7a5086] correctness passed — 4 test cases
2026-07-27 22:41:41,518 INFO     app.services.pipeline — [submission 5aeb1aa1-8108-420c-a83b-8ea24e7a5086] benchmark complete — 5 points
2026-07-27 22:41:41,532 INFO     app.services.complexity — Complexity classification: raw_slope=0.426 eff_slope=0.611 ratio=69.97 class=O(n) R²=0.817
2026-07-27 22:41:41,533 INFO     app.services.pipeline — [submission 5aeb1aa1-8108-420c-a83b-8ea24e7a5086] complexity gap — empirical=O(n) optimal=O(log n)
2026-07-27 22:41:41,540 INFO     app.services.pipeline — [submission 5aeb1aa1-8108-420c-a83b-8ea24e7a5086] no structural hint matched
2026-07-27 22:41:41,549 INFO     app.services.pipeline — [submission 5aeb1aa1-8108-420c-a83b-8ea24e7a5086] pipeline complete
2026-07-27 22:41:52,999 INFO     app.main — Database tables verified/created.
2026-07-27 22:41:53,038 INFO     app.seed — SKIP   Two Sum (already exists)
2026-07-27 22:41:53,040 INFO     app.seed — SKIP   Contains Duplicate (already exists)
2026-07-27 22:41:53,042 INFO     app.seed — SKIP   Valid Anagram (already exists)
2026-07-27 22:41:53,043 INFO     app.seed — SKIP   Container With Most Water (already exists)
2026-07-27 22:41:53,044 INFO     app.seed — SKIP   Maximum Subarray (already exists)
2026-07-27 22:41:53,046 INFO     app.seed — SKIP   Climbing Stairs (already exists)
2026-07-27 22:41:53,048 INFO     app.seed — SKIP   Binary Search (already exists)
2026-07-27 22:41:53,049 INFO     app.seed — SKIP   Merge Intervals (already exists)
2026-07-27 22:41:53,054 INFO     app.seed — Forum threads already seeded — skipping forum seed.
2026-07-27 22:41:53,054 INFO     app.seed — Seed complete — 0 problems seeded, 8 skipped.
2026-07-27 22:41:58,206 INFO     app.main — Database tables verified/created.
2026-07-27 22:41:58,242 INFO     app.seed — SKIP   Two Sum (already exists)
2026-07-27 22:41:58,243 INFO     app.seed — SKIP   Contains Duplicate (already exists)
2026-07-27 22:41:58,244 INFO     app.seed — SKIP   Valid Anagram (already exists)
2026-07-27 22:41:58,246 INFO     app.seed — SKIP   Container With Most Water (already exists)
2026-07-27 22:41:58,247 INFO     app.seed — SKIP   Maximum Subarray (already exists)
2026-07-27 22:41:58,248 INFO     app.seed — SKIP   Climbing Stairs (already exists)
2026-07-27 22:41:58,248 INFO     app.seed — SKIP   Binary Search (already exists)
2026-07-27 22:41:58,250 INFO     app.seed — SKIP   Merge Intervals (already exists)
2026-07-27 22:41:58,252 INFO     app.seed — Forum threads already seeded — skipping forum seed.
2026-07-27 22:41:58,253 INFO     app.seed — Seed complete — 0 problems seeded, 8 skipped.
2026-07-27 22:41:58,316 WARNING  passlib.handlers.bcrypt — (trapped) error reading bcrypt version
Traceback (most recent call last):
  File "C:\ProjectDevEnv\Algolens\.venv\Lib\site-packages\passlib\handlers\bcrypt.py", line 620, in _load_backend_mixin
    version = _bcrypt.__about__.__version__
              ^^^^^^^^^^^^^^^^^
AttributeError: module 'bcrypt' has no attribute '__about__'
2026-07-27 22:41:58,807 INFO     app.services.complexity — Complexity classification: raw_slope=0.004 eff_slope=0.000 ratio=1.07 class=O(1) R²=1.000
2026-07-27 22:41:58,810 INFO     app.services.complexity — Complexity classification: raw_slope=0.134 eff_slope=0.338 ratio=2.51 class=O(log n) R²=0.996
2026-07-27 22:41:58,813 INFO     app.services.complexity — Complexity classification: raw_slope=1.004 eff_slope=1.240 ratio=1003.68 class=O(n log n) R²=1.000
2026-07-27 22:41:59,062 INFO     app.services.complexity — Complexity classification: raw_slope=1.004 eff_slope=1.240 ratio=1003.68 class=O(n log n) R²=1.000
2026-07-27 22:41:59,072 INFO     app.services.complexity — Complexity classification: raw_slope=1.134 eff_slope=1.370 ratio=2509.19 class=O(n log n) R²=1.000
2026-07-27 22:41:59,076 INFO     app.services.complexity — Complexity classification: raw_slope=2.005 eff_slope=2.024 ratio=10036.76 class=O(n^2) R²=1.000
2026-07-27 22:41:59,078 WARNING  app.services.complexity — Insufficient data points for complexity classification: 1
2026-07-27 22:41:59,083 WARNING  app.services.complexity — Insufficient data points for complexity classification: 0
2026-07-27 22:41:59,086 WARNING  app.services.complexity — Insufficient data points for complexity classification: 0
2026-07-27 22:41:59,112 WARNING  app.services.complexity — Cannot compare complexity classes: 'O(unknown)' vs 'O(n)'
2026-07-27 22:41:59,187 INFO     httpx — HTTP Request: POST http://testserver/forum/threads "HTTP/1.1 201 Created"
2026-07-27 22:41:59,201 INFO     httpx — HTTP Request: GET http://testserver/forum/threads/4d50d50e-df57-4922-a401-fef98eb624ee "HTTP/1.1 200 OK"
2026-07-27 22:41:59,222 INFO     httpx — HTTP Request: POST http://testserver/forum/threads/4d50d50e-df57-4922-a401-fef98eb624ee/replies "HTTP/1.1 201 Created"
2026-07-27 22:41:59,241 INFO     httpx — HTTP Request: POST http://testserver/forum/threads/4d50d50e-df57-4922-a401-fef98eb624ee/like "HTTP/1.1 200 OK"
2026-07-27 22:41:59,262 INFO     httpx — HTTP Request: POST http://testserver/forum/threads/4d50d50e-df57-4922-a401-fef98eb624ee/like "HTTP/1.1 200 OK"
2026-07-27 22:41:59,280 INFO     httpx — HTTP Request: POST http://testserver/forum/threads "HTTP/1.1 201 Created"
2026-07-27 22:41:59,301 INFO     httpx — HTTP Request: GET http://testserver/forum/threads?category=Questions "HTTP/1.1 200 OK"
2026-07-27 22:41:59,326 INFO     httpx — HTTP Request: GET http://testserver/forum/threads?search=Segment "HTTP/1.1 200 OK"
2026-07-27 22:41:59,335 INFO     httpx — HTTP Request: POST http://testserver/forum/threads "HTTP/1.1 422 Unprocessable Entity"
2026-07-27 22:41:59,343 INFO     httpx — HTTP Request: GET http://testserver/forum/threads/not-a-valid-uuid "HTTP/1.1 422 Unprocessable Entity"
2026-07-27 22:42:06,087 INFO     httpx — HTTP Request: POST http://testserver/auth/register "HTTP/1.1 422 Unprocessable Entity"
2026-07-27 22:42:06,142 INFO     httpx — HTTP Request: GET http://testserver/problems/not-a-valid-uuid "HTTP/1.1 422 Unprocessable Entity"
2026-07-27 22:42:06,203 INFO     httpx — HTTP Request: GET http://testserver/users/8a78f50e-8433-4d25-87fe-c9f6c44623bc/history?limit=0 "HTTP/1.1 422 Unprocessable Entity"
2026-07-27 22:42:06,233 INFO     httpx — HTTP Request: GET http://testserver/users/8a78f50e-8433-4d25-87fe-c9f6c44623bc/history?limit=101 "HTTP/1.1 422 Unprocessable Entity"
2026-07-27 22:42:06,287 INFO     httpx — HTTP Request: GET http://testserver/users/8a78f50e-8433-4d25-87fe-c9f6c44623bc/history?offset=-1 "HTTP/1.1 422 Unprocessable Entity"
2026-07-27 22:42:37,386 INFO     app.main — Database tables verified/created.
2026-07-27 22:42:37,425 INFO     app.seed — SKIP   Two Sum (already exists)
2026-07-27 22:42:37,426 INFO     app.seed — SKIP   Contains Duplicate (already exists)
2026-07-27 22:42:37,427 INFO     app.seed — SKIP   Valid Anagram (already exists)
2026-07-27 22:42:37,428 INFO     app.seed — SKIP   Container With Most Water (already exists)
2026-07-27 22:42:37,430 INFO     app.seed — SKIP   Maximum Subarray (already exists)
2026-07-27 22:42:37,431 INFO     app.seed — SKIP   Climbing Stairs (already exists)
2026-07-27 22:42:37,432 INFO     app.seed — SKIP   Binary Search (already exists)
2026-07-27 22:42:37,433 INFO     app.seed — SKIP   Merge Intervals (already exists)
2026-07-27 22:42:37,436 INFO     app.seed — Forum threads already seeded — skipping forum seed.
2026-07-27 22:42:37,437 INFO     app.seed — Seed complete — 0 problems seeded, 8 skipped.
2026-07-27 22:42:45,400 INFO     app.main — Database tables verified/created.
2026-07-27 22:42:45,431 INFO     app.seed — SKIP   Two Sum (already exists)
2026-07-27 22:42:45,432 INFO     app.seed — SKIP   Contains Duplicate (already exists)
2026-07-27 22:42:45,433 INFO     app.seed — SKIP   Valid Anagram (already exists)
2026-07-27 22:42:45,434 INFO     app.seed — SKIP   Container With Most Water (already exists)
2026-07-27 22:42:45,436 INFO     app.seed — SKIP   Maximum Subarray (already exists)
2026-07-27 22:42:45,437 INFO     app.seed — SKIP   Climbing Stairs (already exists)
2026-07-27 22:42:45,439 INFO     app.seed — SKIP   Binary Search (already exists)
2026-07-27 22:42:45,441 INFO     app.seed — SKIP   Merge Intervals (already exists)
2026-07-27 22:42:45,445 INFO     app.seed — Forum threads already seeded — skipping forum seed.
2026-07-27 22:42:45,446 INFO     app.seed — Seed complete — 0 problems seeded, 8 skipped.
2026-07-27 22:42:55,704 INFO     app.main — Database tables verified/created.
2026-07-27 22:42:55,739 INFO     app.seed — SKIP   Two Sum (already exists)
2026-07-27 22:42:55,740 INFO     app.seed — SKIP   Contains Duplicate (already exists)
2026-07-27 22:42:55,741 INFO     app.seed — SKIP   Valid Anagram (already exists)
2026-07-27 22:42:55,742 INFO     app.seed — SKIP   Container With Most Water (already exists)
2026-07-27 22:42:55,743 INFO     app.seed — SKIP   Maximum Subarray (already exists)
2026-07-27 22:42:55,745 INFO     app.seed — SKIP   Climbing Stairs (already exists)
2026-07-27 22:42:55,745 INFO     app.seed — SKIP   Binary Search (already exists)
2026-07-27 22:42:55,748 INFO     app.seed — SKIP   Merge Intervals (already exists)
2026-07-27 22:42:55,750 INFO     app.seed — Forum threads already seeded — skipping forum seed.
2026-07-27 22:42:55,751 INFO     app.seed — Seed complete — 0 problems seeded, 8 skipped.
2026-07-27 22:42:55,813 WARNING  passlib.handlers.bcrypt — (trapped) error reading bcrypt version
Traceback (most recent call last):
  File "C:\ProjectDevEnv\Algolens\.venv\Lib\site-packages\passlib\handlers\bcrypt.py", line 620, in _load_backend_mixin
    version = _bcrypt.__about__.__version__
              ^^^^^^^^^^^^^^^^^
AttributeError: module 'bcrypt' has no attribute '__about__'
2026-07-27 22:42:56,298 INFO     app.services.complexity — Complexity classification: raw_slope=0.004 eff_slope=0.000 ratio=1.07 class=O(1) R²=1.000
2026-07-27 22:42:56,301 INFO     app.services.complexity — Complexity classification: raw_slope=0.134 eff_slope=0.278 ratio=2.51 class=O(log n) R²=0.996
2026-07-27 22:42:56,304 INFO     app.services.complexity — Complexity classification: raw_slope=1.004 eff_slope=1.004 ratio=1003.68 class=O(n) R²=1.000
2026-07-27 22:42:56,307 INFO     app.services.complexity — Complexity classification: raw_slope=1.004 eff_slope=1.004 ratio=1003.68 class=O(n) R²=1.000
2026-07-27 22:42:56,308 INFO     app.services.complexity — Complexity classification: raw_slope=1.004 eff_slope=1.004 ratio=1003.68 class=O(n) R²=1.000
2026-07-27 22:42:56,309 INFO     app.services.complexity — Complexity classification: raw_slope=1.004 eff_slope=1.004 ratio=1003.68 class=O(n) R²=1.000
2026-07-27 22:42:56,311 INFO     app.services.complexity — Complexity classification: raw_slope=1.134 eff_slope=1.134 ratio=2509.19 class=O(n log n) R²=1.000
2026-07-27 22:42:56,314 INFO     app.services.complexity — Complexity classification: raw_slope=2.005 eff_slope=2.005 ratio=10036.76 class=O(n^2) R²=1.000
2026-07-27 22:42:56,317 WARNING  app.services.complexity — Insufficient data points for complexity classification: 1
2026-07-27 22:42:56,320 WARNING  app.services.complexity — Insufficient data points for complexity classification: 0
2026-07-27 22:42:56,323 WARNING  app.services.complexity — Insufficient data points for complexity classification: 0
2026-07-27 22:42:56,332 WARNING  app.services.complexity — Cannot compare complexity classes: 'O(unknown)' vs 'O(n)'
2026-07-27 22:42:56,388 INFO     httpx — HTTP Request: POST http://testserver/forum/threads "HTTP/1.1 201 Created"
2026-07-27 22:42:56,400 INFO     httpx — HTTP Request: GET http://testserver/forum/threads/000fff8a-996e-457f-b595-52dcf68170f8 "HTTP/1.1 200 OK"
2026-07-27 22:42:56,418 INFO     httpx — HTTP Request: POST http://testserver/forum/threads/000fff8a-996e-457f-b595-52dcf68170f8/replies "HTTP/1.1 201 Created"
2026-07-27 22:42:56,437 INFO     httpx — HTTP Request: POST http://testserver/forum/threads/000fff8a-996e-457f-b595-52dcf68170f8/like "HTTP/1.1 200 OK"
2026-07-27 22:42:56,455 INFO     httpx — HTTP Request: POST http://testserver/forum/threads/000fff8a-996e-457f-b595-52dcf68170f8/like "HTTP/1.1 200 OK"
2026-07-27 22:42:56,473 INFO     httpx — HTTP Request: POST http://testserver/forum/threads "HTTP/1.1 201 Created"
2026-07-27 22:42:56,496 INFO     httpx — HTTP Request: GET http://testserver/forum/threads?category=Questions "HTTP/1.1 200 OK"
2026-07-27 22:42:56,524 INFO     httpx — HTTP Request: GET http://testserver/forum/threads?search=Segment "HTTP/1.1 200 OK"
2026-07-27 22:42:56,532 INFO     httpx — HTTP Request: POST http://testserver/forum/threads "HTTP/1.1 422 Unprocessable Entity"
2026-07-27 22:42:56,540 INFO     httpx — HTTP Request: GET http://testserver/forum/threads/not-a-valid-uuid "HTTP/1.1 422 Unprocessable Entity"
2026-07-27 22:43:02,939 INFO     httpx — HTTP Request: POST http://testserver/auth/register "HTTP/1.1 422 Unprocessable Entity"
2026-07-27 22:43:02,948 INFO     httpx — HTTP Request: GET http://testserver/problems/not-a-valid-uuid "HTTP/1.1 422 Unprocessable Entity"
2026-07-27 22:43:02,960 INFO     httpx — HTTP Request: GET http://testserver/users/4fbe7cb2-cf7a-4cf5-b6a3-fec8925b6681/history?limit=0 "HTTP/1.1 422 Unprocessable Entity"
2026-07-27 22:43:02,967 INFO     httpx — HTTP Request: GET http://testserver/users/4fbe7cb2-cf7a-4cf5-b6a3-fec8925b6681/history?limit=101 "HTTP/1.1 422 Unprocessable Entity"
2026-07-27 22:43:02,973 INFO     httpx — HTTP Request: GET http://testserver/users/4fbe7cb2-cf7a-4cf5-b6a3-fec8925b6681/history?offset=-1 "HTTP/1.1 422 Unprocessable Entity"
2026-07-27 22:43:52,726 INFO     app.services.pipeline — [submission 19c5434f-7de3-4fab-b9d9-aa441cdcbb65] pipeline start — problem='Binary Search'
2026-07-27 22:43:52,777 WARNING  app.sandbox.executor — Docker not available — falling back to subprocess sandbox for language 'cpp'.
2026-07-27 22:43:54,226 INFO     app.services.pipeline — [submission 19c5434f-7de3-4fab-b9d9-aa441cdcbb65] correctness passed — 4 test cases
2026-07-27 22:44:07,105 INFO     app.services.pipeline — [submission 19c5434f-7de3-4fab-b9d9-aa441cdcbb65] benchmark complete — 5 points
2026-07-27 22:44:07,107 INFO     app.services.complexity — Complexity classification: raw_slope=0.492 eff_slope=0.857 ratio=92.44 class=O(n) R²=0.850
2026-07-27 22:44:07,108 INFO     app.services.pipeline — [submission 19c5434f-7de3-4fab-b9d9-aa441cdcbb65] complexity gap — empirical=O(n) optimal=O(log n)
2026-07-27 22:44:07,112 INFO     app.services.pipeline — [submission 19c5434f-7de3-4fab-b9d9-aa441cdcbb65] no structural hint matched
2026-07-27 22:44:07,123 INFO     app.services.pipeline — [submission 19c5434f-7de3-4fab-b9d9-aa441cdcbb65] pipeline complete
2026-07-27 22:45:45,018 INFO     app.main — Database tables verified/created.
2026-07-27 22:45:45,047 INFO     app.seed — SKIP   Two Sum (already exists)
2026-07-27 22:45:45,049 INFO     app.seed — SKIP   Contains Duplicate (already exists)
2026-07-27 22:45:45,050 INFO     app.seed — SKIP   Valid Anagram (already exists)
2026-07-27 22:45:45,051 INFO     app.seed — SKIP   Container With Most Water (already exists)
2026-07-27 22:45:45,052 INFO     app.seed — SKIP   Maximum Subarray (already exists)
2026-07-27 22:45:45,054 INFO     app.seed — SKIP   Climbing Stairs (already exists)
2026-07-27 22:45:45,055 INFO     app.seed — SKIP   Binary Search (already exists)
2026-07-27 22:45:45,056 INFO     app.seed — SKIP   Merge Intervals (already exists)
2026-07-27 22:45:45,059 INFO     app.seed — Forum threads already seeded — skipping forum seed.
2026-07-27 22:45:45,059 INFO     app.seed — Seed complete — 0 problems seeded, 8 skipped.
2026-07-27 22:45:51,202 INFO     app.main — Database tables verified/created.
2026-07-27 22:45:51,237 INFO     app.seed — SKIP   Two Sum (already exists)
2026-07-27 22:45:51,238 INFO     app.seed — SKIP   Contains Duplicate (already exists)
2026-07-27 22:45:51,239 INFO     app.seed — SKIP   Valid Anagram (already exists)
2026-07-27 22:45:51,240 INFO     app.seed — SKIP   Container With Most Water (already exists)
2026-07-27 22:45:51,241 INFO     app.seed — SKIP   Maximum Subarray (already exists)
2026-07-27 22:45:51,242 INFO     app.seed — SKIP   Climbing Stairs (already exists)
2026-07-27 22:45:51,244 INFO     app.seed — SKIP   Binary Search (already exists)
2026-07-27 22:45:51,246 INFO     app.seed — SKIP   Merge Intervals (already exists)
2026-07-27 22:45:51,248 INFO     app.seed — Forum threads already seeded — skipping forum seed.
2026-07-27 22:45:51,249 INFO     app.seed — Seed complete — 0 problems seeded, 8 skipped.
2026-07-27 22:45:51,313 WARNING  passlib.handlers.bcrypt — (trapped) error reading bcrypt version
Traceback (most recent call last):
  File "C:\ProjectDevEnv\Algolens\.venv\Lib\site-packages\passlib\handlers\bcrypt.py", line 620, in _load_backend_mixin
    version = _bcrypt.__about__.__version__
              ^^^^^^^^^^^^^^^^^
AttributeError: module 'bcrypt' has no attribute '__about__'
2026-07-27 22:45:52,042 INFO     app.services.complexity — Complexity classification: raw_slope=0.134 eff_slope=0.278 ratio=2.51 class=O(log n) R²=0.996
2026-07-27 22:45:52,095 WARNING  app.services.complexity — Insufficient data points for complexity classification: 1
2026-07-27 22:45:52,098 WARNING  app.services.complexity — Insufficient data points for complexity classification: 0
2026-07-27 22:45:52,100 WARNING  app.services.complexity — Insufficient data points for complexity classification: 0
2026-07-27 22:45:52,108 WARNING  app.services.complexity — Cannot compare complexity classes: 'O(unknown)' vs 'O(n)'
2026-07-27 22:45:52,164 INFO     httpx — HTTP Request: POST http://testserver/forum/threads "HTTP/1.1 201 Created"
2026-07-27 22:45:52,175 INFO     httpx — HTTP Request: GET http://testserver/forum/threads/19e47a69-3e45-4695-9b7a-f613c2f2683b "HTTP/1.1 200 OK"
2026-07-27 22:45:52,194 INFO     httpx — HTTP Request: POST http://testserver/forum/threads/19e47a69-3e45-4695-9b7a-f613c2f2683b/replies "HTTP/1.1 201 Created"
2026-07-27 22:45:52,213 INFO     httpx — HTTP Request: POST http://testserver/forum/threads/19e47a69-3e45-4695-9b7a-f613c2f2683b/like "HTTP/1.1 200 OK"
2026-07-27 22:45:52,231 INFO     httpx — HTTP Request: POST http://testserver/forum/threads/19e47a69-3e45-4695-9b7a-f613c2f2683b/like "HTTP/1.1 200 OK"
2026-07-27 22:45:52,249 INFO     httpx — HTTP Request: POST http://testserver/forum/threads "HTTP/1.1 201 Created"
2026-07-27 22:45:52,275 INFO     httpx — HTTP Request: GET http://testserver/forum/threads?category=Questions "HTTP/1.1 200 OK"
2026-07-27 22:45:52,301 INFO     httpx — HTTP Request: GET http://testserver/forum/threads?search=Segment "HTTP/1.1 200 OK"
2026-07-27 22:45:52,310 INFO     httpx — HTTP Request: POST http://testserver/forum/threads "HTTP/1.1 422 Unprocessable Entity"
2026-07-27 22:45:52,319 INFO     httpx — HTTP Request: GET http://testserver/forum/threads/not-a-valid-uuid "HTTP/1.1 422 Unprocessable Entity"
2026-07-27 22:45:58,600 INFO     httpx — HTTP Request: POST http://testserver/auth/register "HTTP/1.1 422 Unprocessable Entity"
2026-07-27 22:45:58,609 INFO     httpx — HTTP Request: GET http://testserver/problems/not-a-valid-uuid "HTTP/1.1 422 Unprocessable Entity"
2026-07-27 22:45:58,618 INFO     httpx — HTTP Request: GET http://testserver/users/42ad49a0-60c5-49b8-9f1e-b3ef688c1b17/history?limit=0 "HTTP/1.1 422 Unprocessable Entity"
2026-07-27 22:45:58,625 INFO     httpx — HTTP Request: GET http://testserver/users/42ad49a0-60c5-49b8-9f1e-b3ef688c1b17/history?limit=101 "HTTP/1.1 422 Unprocessable Entity"
2026-07-27 22:45:58,631 INFO     httpx — HTTP Request: GET http://testserver/users/42ad49a0-60c5-49b8-9f1e-b3ef688c1b17/history?offset=-1 "HTTP/1.1 422 Unprocessable Entity"
2026-07-27 22:46:17,160 INFO     app.main — Database tables verified/created.
2026-07-27 22:46:17,206 INFO     app.seed — SKIP   Two Sum (already exists)
2026-07-27 22:46:17,208 INFO     app.seed — SKIP   Contains Duplicate (already exists)
2026-07-27 22:46:17,209 INFO     app.seed — SKIP   Valid Anagram (already exists)
2026-07-27 22:46:17,211 INFO     app.seed — SKIP   Container With Most Water (already exists)
2026-07-27 22:46:17,212 INFO     app.seed — SKIP   Maximum Subarray (already exists)
2026-07-27 22:46:17,213 INFO     app.seed — SKIP   Climbing Stairs (already exists)
2026-07-27 22:46:17,214 INFO     app.seed — SKIP   Binary Search (already exists)
2026-07-27 22:46:17,216 INFO     app.seed — SKIP   Merge Intervals (already exists)
2026-07-27 22:46:17,218 INFO     app.seed — Forum threads already seeded — skipping forum seed.
2026-07-27 22:46:17,219 INFO     app.seed — Seed complete — 0 problems seeded, 8 skipped.
2026-07-27 22:46:26,301 INFO     app.main — Database tables verified/created.
2026-07-27 22:46:26,336 INFO     app.seed — SKIP   Two Sum (already exists)
2026-07-27 22:46:26,338 INFO     app.seed — SKIP   Contains Duplicate (already exists)
2026-07-27 22:46:26,339 INFO     app.seed — SKIP   Valid Anagram (already exists)
2026-07-27 22:46:26,340 INFO     app.seed — SKIP   Container With Most Water (already exists)
2026-07-27 22:46:26,341 INFO     app.seed — SKIP   Maximum Subarray (already exists)
2026-07-27 22:46:26,342 INFO     app.seed — SKIP   Climbing Stairs (already exists)
2026-07-27 22:46:26,344 INFO     app.seed — SKIP   Binary Search (already exists)
2026-07-27 22:46:26,346 INFO     app.seed — SKIP   Merge Intervals (already exists)
2026-07-27 22:46:26,348 INFO     app.seed — Forum threads already seeded — skipping forum seed.
2026-07-27 22:46:26,349 INFO     app.seed — Seed complete — 0 problems seeded, 8 skipped.
2026-07-27 22:46:26,408 WARNING  passlib.handlers.bcrypt — (trapped) error reading bcrypt version
Traceback (most recent call last):
  File "C:\ProjectDevEnv\Algolens\.venv\Lib\site-packages\passlib\handlers\bcrypt.py", line 620, in _load_backend_mixin
    version = _bcrypt.__about__.__version__
              ^^^^^^^^^^^^^^^^^
AttributeError: module 'bcrypt' has no attribute '__about__'
2026-07-27 22:46:26,894 INFO     app.services.complexity — Complexity classification: raw_slope=0.004 eff_slope=0.000 ratio=1.07 class=O(1) R²=1.000
2026-07-27 22:46:26,898 INFO     app.services.complexity — Complexity classification: raw_slope=0.134 eff_slope=0.278 ratio=2.51 class=O(log n) R²=0.996
2026-07-27 22:46:26,901 INFO     app.services.complexity — Complexity classification: raw_slope=1.004 eff_slope=1.004 ratio=1003.68 class=O(n) R²=1.000
2026-07-27 22:46:26,904 INFO     app.services.complexity — Complexity classification: raw_slope=1.004 eff_slope=1.004 ratio=1003.68 class=O(n) R²=1.000
2026-07-27 22:46:26,905 INFO     app.services.complexity — Complexity classification: raw_slope=1.004 eff_slope=1.004 ratio=1003.68 class=O(n) R²=1.000
2026-07-27 22:46:26,905 INFO     app.services.complexity — Complexity classification: raw_slope=1.004 eff_slope=1.004 ratio=1003.68 class=O(n) R²=1.000
2026-07-27 22:46:26,908 INFO     app.services.complexity — Complexity classification: raw_slope=1.134 eff_slope=1.134 ratio=2509.19 class=O(n log n) R²=1.000
2026-07-27 22:46:26,911 INFO     app.services.complexity — Complexity classification: raw_slope=2.005 eff_slope=2.005 ratio=10036.76 class=O(n^2) R²=1.000
2026-07-27 22:46:26,913 WARNING  app.services.complexity — Insufficient data points for complexity classification: 1
2026-07-27 22:46:26,916 WARNING  app.services.complexity — Insufficient data points for complexity classification: 0
2026-07-27 22:46:26,919 WARNING  app.services.complexity — Insufficient data points for complexity classification: 0
2026-07-27 22:46:26,927 WARNING  app.services.complexity — Cannot compare complexity classes: 'O(unknown)' vs 'O(n)'
2026-07-27 22:46:26,986 INFO     httpx — HTTP Request: POST http://testserver/forum/threads "HTTP/1.1 201 Created"
2026-07-27 22:46:26,997 INFO     httpx — HTTP Request: GET http://testserver/forum/threads/b1882c37-82ef-4ab5-9361-e53963bf66c3 "HTTP/1.1 200 OK"
2026-07-27 22:46:27,015 INFO     httpx — HTTP Request: POST http://testserver/forum/threads/b1882c37-82ef-4ab5-9361-e53963bf66c3/replies "HTTP/1.1 201 Created"
2026-07-27 22:46:27,034 INFO     httpx — HTTP Request: POST http://testserver/forum/threads/b1882c37-82ef-4ab5-9361-e53963bf66c3/like "HTTP/1.1 200 OK"
2026-07-27 22:46:27,052 INFO     httpx — HTTP Request: POST http://testserver/forum/threads/b1882c37-82ef-4ab5-9361-e53963bf66c3/like "HTTP/1.1 200 OK"
2026-07-27 22:46:27,069 INFO     httpx — HTTP Request: POST http://testserver/forum/threads "HTTP/1.1 201 Created"
2026-07-27 22:46:27,104 INFO     httpx — HTTP Request: GET http://testserver/forum/threads?category=Questions "HTTP/1.1 200 OK"
2026-07-27 22:46:27,128 INFO     httpx — HTTP Request: GET http://testserver/forum/threads?search=Segment "HTTP/1.1 200 OK"
2026-07-27 22:46:27,136 INFO     httpx — HTTP Request: POST http://testserver/forum/threads "HTTP/1.1 422 Unprocessable Entity"
2026-07-27 22:46:27,145 INFO     httpx — HTTP Request: GET http://testserver/forum/threads/not-a-valid-uuid "HTTP/1.1 422 Unprocessable Entity"
2026-07-27 22:46:33,402 INFO     httpx — HTTP Request: POST http://testserver/auth/register "HTTP/1.1 422 Unprocessable Entity"
2026-07-27 22:46:33,410 INFO     httpx — HTTP Request: GET http://testserver/problems/not-a-valid-uuid "HTTP/1.1 422 Unprocessable Entity"
2026-07-27 22:46:33,419 INFO     httpx — HTTP Request: GET http://testserver/users/e4b6af51-8c1e-4638-95ab-3f983f29731a/history?limit=0 "HTTP/1.1 422 Unprocessable Entity"
2026-07-27 22:46:33,426 INFO     httpx — HTTP Request: GET http://testserver/users/e4b6af51-8c1e-4638-95ab-3f983f29731a/history?limit=101 "HTTP/1.1 422 Unprocessable Entity"
2026-07-27 22:46:33,433 INFO     httpx — HTTP Request: GET http://testserver/users/e4b6af51-8c1e-4638-95ab-3f983f29731a/history?offset=-1 "HTTP/1.1 422 Unprocessable Entity"
2026-07-27 22:48:02,266 INFO     app.services.pipeline — [submission 21660de5-bcb3-4c23-a748-09adc6aa4275] pipeline start — problem='Binary Search'
2026-07-27 22:48:02,307 WARNING  app.sandbox.executor — Docker not available — falling back to subprocess sandbox for language 'cpp'.
2026-07-27 22:48:03,726 INFO     app.services.pipeline — [submission 21660de5-bcb3-4c23-a748-09adc6aa4275] correctness passed — 4 test cases
2026-07-27 22:48:16,636 INFO     app.services.pipeline — [submission 21660de5-bcb3-4c23-a748-09adc6aa4275] benchmark complete — 5 points
2026-07-27 22:48:16,638 INFO     app.services.complexity — Complexity classification: raw_slope=0.489 eff_slope=0.857 ratio=92.36 class=O(n log n) R²=0.845
2026-07-27 22:48:16,639 INFO     app.services.pipeline — [submission 21660de5-bcb3-4c23-a748-09adc6aa4275] complexity gap — empirical=O(n log n) optimal=O(log n)
2026-07-27 22:48:16,643 INFO     app.services.pipeline — [submission 21660de5-bcb3-4c23-a748-09adc6aa4275] no structural hint matched
2026-07-27 22:48:16,653 INFO     app.services.pipeline — [submission 21660de5-bcb3-4c23-a748-09adc6aa4275] pipeline complete
2026-07-29 22:47:52,108 INFO     app.main — Database tables verified/created.
2026-07-29 22:47:52,173 INFO     app.seed — SKIP   Two Sum (already exists)
2026-07-29 22:47:52,176 INFO     app.seed — SKIP   Contains Duplicate (already exists)
2026-07-29 22:47:52,177 INFO     app.seed — SKIP   Valid Anagram (already exists)
2026-07-29 22:47:52,179 INFO     app.seed — SKIP   Container With Most Water (already exists)
2026-07-29 22:47:52,182 INFO     app.seed — SKIP   Maximum Subarray (already exists)
2026-07-29 22:47:52,184 INFO     app.seed — SKIP   Climbing Stairs (already exists)
2026-07-29 22:47:52,186 INFO     app.seed — SKIP   Binary Search (already exists)
2026-07-29 22:47:52,189 INFO     app.seed — SKIP   Merge Intervals (already exists)
2026-07-29 22:47:52,193 INFO     app.seed — Forum threads already seeded — skipping forum seed.
2026-07-29 22:47:52,196 INFO     app.seed — Seed complete — 0 problems seeded, 8 skipped.
2026-07-29 22:47:54,419 INFO     app.main — Database tables verified/created.
2026-07-29 22:47:54,452 INFO     app.seed — SKIP   Two Sum (already exists)
2026-07-29 22:47:54,454 INFO     app.seed — SKIP   Contains Duplicate (already exists)
2026-07-29 22:47:54,456 INFO     app.seed — SKIP   Valid Anagram (already exists)
2026-07-29 22:47:54,458 INFO     app.seed — SKIP   Container With Most Water (already exists)
2026-07-29 22:47:54,460 INFO     app.seed — SKIP   Maximum Subarray (already exists)
2026-07-29 22:47:54,462 INFO     app.seed — SKIP   Climbing Stairs (already exists)
2026-07-29 22:47:54,463 INFO     app.seed — SKIP   Binary Search (already exists)
2026-07-29 22:47:54,467 INFO     app.seed — SKIP   Merge Intervals (already exists)
2026-07-29 22:47:54,470 INFO     app.seed — Forum threads already seeded — skipping forum seed.
2026-07-29 22:47:54,475 INFO     app.seed — Seed complete — 0 problems seeded, 8 skipped.
2026-07-29 22:48:16,372 WARNING  passlib.handlers.bcrypt — (trapped) error reading bcrypt version
Traceback (most recent call last):
  File "C:\Users\soham\AppData\Local\Programs\Python\Python313\Lib\site-packages\passlib\handlers\bcrypt.py", line 620, in _load_backend_mixin
    version = _bcrypt.__about__.__version__
              ^^^^^^^^^^^^^^^^^
AttributeError: module 'bcrypt' has no attribute '__about__'
2026-07-29 22:55:12,378 INFO     app.main — Database tables verified/created.
2026-07-29 22:55:12,405 INFO     app.seed — SKIP   Two Sum (already exists)
2026-07-29 22:55:12,406 INFO     app.seed — SKIP   Contains Duplicate (already exists)
2026-07-29 22:55:12,407 INFO     app.seed — SKIP   Valid Anagram (already exists)
2026-07-29 22:55:12,408 INFO     app.seed — SKIP   Container With Most Water (already exists)
2026-07-29 22:55:12,410 INFO     app.seed — SKIP   Maximum Subarray (already exists)
2026-07-29 22:55:12,412 INFO     app.seed — SKIP   Climbing Stairs (already exists)
2026-07-29 22:55:12,413 INFO     app.seed — SKIP   Binary Search (already exists)
2026-07-29 22:55:12,415 INFO     app.seed — SKIP   Merge Intervals (already exists)
2026-07-29 22:55:12,419 INFO     app.seed — Forum threads already seeded — skipping forum seed.
2026-07-29 22:55:12,420 INFO     app.seed — Seed complete — 0 problems seeded, 8 skipped.
2026-07-29 22:56:12,738 INFO     app.main — Database tables verified/created.
2026-07-29 22:56:12,804 INFO     app.seed — SKIP   Two Sum (already exists)
2026-07-29 22:56:12,807 INFO     app.seed — SKIP   Contains Duplicate (already exists)
2026-07-29 22:56:12,808 INFO     app.seed — SKIP   Valid Anagram (already exists)
2026-07-29 22:56:12,809 INFO     app.seed — SKIP   Container With Most Water (already exists)
2026-07-29 22:56:12,812 INFO     app.seed — SKIP   Maximum Subarray (already exists)
2026-07-29 22:56:12,813 INFO     app.seed — SKIP   Climbing Stairs (already exists)
2026-07-29 22:56:12,814 INFO     app.seed — SKIP   Binary Search (already exists)
2026-07-29 22:56:12,815 INFO     app.seed — SKIP   Merge Intervals (already exists)
2026-07-29 22:56:12,819 INFO     app.seed — Forum threads already seeded — skipping forum seed.
2026-07-29 22:56:12,819 INFO     app.seed — Seed complete — 0 problems seeded, 8 skipped.
2026-07-29 22:56:12,903 WARNING  passlib.handlers.bcrypt — (trapped) error reading bcrypt version
Traceback (most recent call last):
  File "C:\Users\soham\AppData\Local\Programs\Python\Python313\Lib\site-packages\passlib\handlers\bcrypt.py", line 620, in _load_backend_mixin
    version = _bcrypt.__about__.__version__
              ^^^^^^^^^^^^^^^^^
AttributeError: module 'bcrypt' has no attribute '__about__'
2026-07-29 22:56:13,461 INFO     app.services.complexity — Complexity classification: raw_slope=0.004 eff_slope=0.000 ratio=1.07 class=O(1) R²=1.000
2026-07-29 22:56:13,468 INFO     app.services.complexity — Complexity classification: raw_slope=0.134 eff_slope=0.278 ratio=2.51 class=O(log n) R²=0.996
2026-07-29 22:56:13,473 INFO     app.services.complexity — Complexity classification: raw_slope=1.004 eff_slope=1.004 ratio=1003.68 class=O(n) R²=1.000
2026-07-29 22:56:13,476 INFO     app.services.complexity — Complexity classification: raw_slope=1.004 eff_slope=1.004 ratio=1003.68 class=O(n) R²=1.000
2026-07-29 22:56:13,477 INFO     app.services.complexity — Complexity classification: raw_slope=1.004 eff_slope=1.004 ratio=1003.68 class=O(n) R²=1.000
2026-07-29 22:56:13,478 INFO     app.services.complexity — Complexity classification: raw_slope=1.004 eff_slope=1.004 ratio=1003.68 class=O(n) R²=1.000
2026-07-29 22:56:13,480 INFO     app.services.complexity — Complexity classification: raw_slope=1.134 eff_slope=1.134 ratio=2509.19 class=O(n log n) R²=1.000
2026-07-29 22:56:13,483 INFO     app.services.complexity — Complexity classification: raw_slope=2.005 eff_slope=2.005 ratio=10036.76 class=O(n^2) R²=1.000
2026-07-29 22:56:13,487 WARNING  app.services.complexity — Insufficient data points for complexity classification: 1
2026-07-29 22:56:13,490 WARNING  app.services.complexity — Insufficient data points for complexity classification: 0
2026-07-29 22:56:13,492 WARNING  app.services.complexity — Insufficient data points for complexity classification: 0
2026-07-29 22:56:13,502 WARNING  app.services.complexity — Cannot compare complexity classes: 'O(unknown)' vs 'O(n)'
2026-07-29 22:56:13,711 INFO     httpx — HTTP Request: POST http://testserver/forum/threads "HTTP/1.1 201 Created"
2026-07-29 22:56:13,726 INFO     httpx — HTTP Request: GET http://testserver/forum/threads/49f90348-2c49-46cf-ab15-7df3eaec6971 "HTTP/1.1 200 OK"
2026-07-29 22:56:13,744 INFO     httpx — HTTP Request: POST http://testserver/forum/threads/49f90348-2c49-46cf-ab15-7df3eaec6971/replies "HTTP/1.1 201 Created"
2026-07-29 22:56:13,767 INFO     httpx — HTTP Request: POST http://testserver/forum/threads/49f90348-2c49-46cf-ab15-7df3eaec6971/like "HTTP/1.1 200 OK"
2026-07-29 22:56:13,791 INFO     httpx — HTTP Request: POST http://testserver/forum/threads/49f90348-2c49-46cf-ab15-7df3eaec6971/like "HTTP/1.1 200 OK"
2026-07-29 22:56:13,824 INFO     httpx — HTTP Request: POST http://testserver/forum/threads "HTTP/1.1 201 Created"
2026-07-29 22:56:13,886 INFO     httpx — HTTP Request: GET http://testserver/forum/threads?category=Questions "HTTP/1.1 200 OK"
2026-07-29 22:56:13,928 INFO     httpx — HTTP Request: GET http://testserver/forum/threads?search=Segment "HTTP/1.1 200 OK"
2026-07-29 22:56:13,940 INFO     httpx — HTTP Request: POST http://testserver/forum/threads "HTTP/1.1 422 Unprocessable Entity"
2026-07-29 22:56:13,951 INFO     httpx — HTTP Request: GET http://testserver/forum/threads/not-a-valid-uuid "HTTP/1.1 422 Unprocessable Entity"
2026-07-29 22:56:13,956 WARNING  app.sandbox.executor — Docker not available — falling back to subprocess sandbox for language 'python'.
2026-07-29 22:56:14,120 WARNING  app.sandbox.executor — Docker not available — falling back to subprocess sandbox for language 'python'.
2026-07-29 22:56:14,221 WARNING  app.sandbox.executor — Docker not available — falling back to subprocess sandbox for language 'java'.
2026-07-29 22:56:15,029 WARNING  app.sandbox.executor — Docker not available — falling back to subprocess sandbox for language 'javascript'.
2026-07-29 22:56:15,139 WARNING  app.sandbox.executor — Docker not available — falling back to subprocess sandbox for language 'cpp'.
2026-07-29 22:56:18,343 WARNING  app.sandbox.executor — Docker not available — falling back to subprocess sandbox for language 'c'.
2026-07-29 22:56:18,668 WARNING  app.sandbox.executor — Docker not available — falling back to subprocess sandbox for language 'brainfuck'.
2026-07-29 22:56:18,673 WARNING  app.sandbox.executor — Docker not available — falling back to subprocess sandbox for language 'java'.
2026-07-29 22:58:42,562 INFO     app.services.pipeline — [submission c0e157c2-6f3a-4796-b769-d7eac3fae672] pipeline start — problem='Binary Search'
2026-07-29 22:58:42,667 WARNING  app.sandbox.executor — Docker not available — falling back to subprocess sandbox for language 'javascript'.
2026-07-29 22:58:42,909 INFO     app.services.pipeline — [submission c0e157c2-6f3a-4796-b769-d7eac3fae672] correctness passed — 4 test cases
2026-07-29 22:58:49,407 INFO     app.services.pipeline — [submission c0e157c2-6f3a-4796-b769-d7eac3fae672] benchmark complete — 5 points
2026-07-29 22:58:49,409 INFO     app.services.complexity — Complexity classification: raw_slope=0.151 eff_slope=0.564 ratio=5.09 class=O(n) R²=0.647
2026-07-29 22:58:49,410 INFO     app.services.pipeline — [submission c0e157c2-6f3a-4796-b769-d7eac3fae672] complexity gap — empirical=O(n) optimal=O(log n)
2026-07-29 22:58:49,413 INFO     app.services.pipeline — [submission c0e157c2-6f3a-4796-b769-d7eac3fae672] no structural hint matched
2026-07-29 22:58:49,421 INFO     app.services.pipeline — [submission c0e157c2-6f3a-4796-b769-d7eac3fae672] pipeline complete
2026-07-29 23:04:05,625 INFO     app.services.pipeline — [submission 94714ada-0864-4bd0-85b4-b7f1e64c0ed2] pipeline start — problem='Binary Search'
2026-07-29 23:04:05,643 WARNING  app.sandbox.executor — Docker not available — falling back to subprocess sandbox for language 'java'.
2026-07-29 23:04:06,554 INFO     app.services.pipeline — [submission 94714ada-0864-4bd0-85b4-b7f1e64c0ed2] failed correctness — verdict=Wrong Answer
2026-07-29 23:04:48,700 INFO     app.services.pipeline — [submission 90e9878e-9947-42ee-9f94-90cdfede0f3f] pipeline start — problem='Binary Search'
2026-07-29 23:04:48,712 WARNING  app.sandbox.executor — Docker not available — falling back to subprocess sandbox for language 'javascript'.
2026-07-29 23:04:48,953 INFO     app.services.pipeline — [submission 90e9878e-9947-42ee-9f94-90cdfede0f3f] correctness passed — 4 test cases
2026-07-29 23:04:55,306 INFO     app.services.pipeline — [submission 90e9878e-9947-42ee-9f94-90cdfede0f3f] benchmark complete — 5 points
2026-07-29 23:04:55,307 INFO     app.services.complexity — Complexity classification: raw_slope=0.149 eff_slope=0.544 ratio=5.04 class=O(n) R²=0.654
2026-07-29 23:04:55,308 INFO     app.services.pipeline — [submission 90e9878e-9947-42ee-9f94-90cdfede0f3f] complexity gap — empirical=O(n) optimal=O(log n)
2026-07-29 23:04:55,309 INFO     app.services.pipeline — [submission 90e9878e-9947-42ee-9f94-90cdfede0f3f] no structural hint matched
2026-07-29 23:04:55,315 INFO     app.services.pipeline — [submission 90e9878e-9947-42ee-9f94-90cdfede0f3f] pipeline complete
2026-07-29 23:05:00,515 INFO     app.services.pipeline — [submission 76c01a50-992f-434a-8d26-e31778eb5085] pipeline start — problem='Binary Search'
2026-07-29 23:05:00,525 WARNING  app.sandbox.executor — Docker not available — falling back to subprocess sandbox for language 'javascript'.
2026-07-29 23:05:00,885 INFO     app.services.pipeline — [submission 76c01a50-992f-434a-8d26-e31778eb5085] correctness passed — 4 test cases
2026-07-29 23:05:07,453 INFO     app.services.pipeline — [submission 76c01a50-992f-434a-8d26-e31778eb5085] benchmark complete — 5 points
2026-07-29 23:05:07,454 INFO     app.services.complexity — Complexity classification: raw_slope=0.127 eff_slope=0.565 ratio=4.47 class=O(n) R²=0.532
2026-07-29 23:05:07,455 INFO     app.services.pipeline — [submission 76c01a50-992f-434a-8d26-e31778eb5085] complexity gap — empirical=O(n) optimal=O(log n)
2026-07-29 23:05:07,456 INFO     app.services.pipeline — [submission 76c01a50-992f-434a-8d26-e31778eb5085] no structural hint matched
2026-07-29 23:05:07,461 INFO     app.services.pipeline — [submission 76c01a50-992f-434a-8d26-e31778eb5085] pipeline complete
2026-07-30 11:51:06,357 INFO     app.main — Database tables verified/created.
2026-07-30 11:51:06,372 INFO     app.seed — SKIP   Two Sum (already exists)
2026-07-30 11:51:06,372 INFO     app.seed — SKIP   Contains Duplicate (already exists)
2026-07-30 11:51:06,373 INFO     app.seed — SKIP   Valid Anagram (already exists)
2026-07-30 11:51:06,374 INFO     app.seed — SKIP   Container With Most Water (already exists)
2026-07-30 11:51:06,374 INFO     app.seed — SKIP   Maximum Subarray (already exists)
2026-07-30 11:51:06,375 INFO     app.seed — SKIP   Climbing Stairs (already exists)
2026-07-30 11:51:06,375 INFO     app.seed — SKIP   Binary Search (already exists)
2026-07-30 11:51:06,376 INFO     app.seed — SKIP   Merge Intervals (already exists)
2026-07-30 11:51:06,379 INFO     app.seed — Forum threads already seeded — skipping forum seed.
2026-07-30 11:51:06,379 INFO     app.seed — Seed complete — 0 problems seeded, 8 skipped.
2026-07-30 11:51:06,422 WARNING  passlib.handlers.bcrypt — (trapped) error reading bcrypt version
Traceback (most recent call last):
  File "C:\Users\soham\AppData\Local\Programs\Python\Python313\Lib\site-packages\passlib\handlers\bcrypt.py", line 620, in _load_backend_mixin
    version = _bcrypt.__about__.__version__
              ^^^^^^^^^^^^^^^^^
AttributeError: module 'bcrypt' has no attribute '__about__'
2026-07-30 11:51:06,660 INFO     httpx — HTTP Request: POST http://testserver/auth/register "HTTP/1.1 201 Created"
2026-07-30 11:51:06,664 INFO     httpx — HTTP Request: POST http://testserver/auth/forgot-password "HTTP/1.1 200 OK"
2026-07-30 11:51:06,699 INFO     httpx — HTTP Request: POST http://testserver/auth/forgot-password "HTTP/1.1 404 Not Found"
2026-07-30 11:51:33,459 INFO     app.main — Database tables verified/created.
2026-07-30 11:51:33,474 INFO     app.seed — SKIP   Two Sum (already exists)
2026-07-30 11:51:33,475 INFO     app.seed — SKIP   Contains Duplicate (already exists)
2026-07-30 11:51:33,475 INFO     app.seed — SKIP   Valid Anagram (already exists)
2026-07-30 11:51:33,476 INFO     app.seed — SKIP   Container With Most Water (already exists)
2026-07-30 11:51:33,477 INFO     app.seed — SKIP   Maximum Subarray (already exists)
2026-07-30 11:51:33,478 INFO     app.seed — SKIP   Climbing Stairs (already exists)
2026-07-30 11:51:33,478 INFO     app.seed — SKIP   Binary Search (already exists)
2026-07-30 11:51:33,479 INFO     app.seed — SKIP   Merge Intervals (already exists)
2026-07-30 11:51:33,480 INFO     app.seed — Forum threads already seeded — skipping forum seed.
2026-07-30 11:51:33,481 INFO     app.seed — Seed complete — 0 problems seeded, 8 skipped.
2026-07-30 11:56:56,109 WARNING  passlib.handlers.bcrypt — (trapped) error reading bcrypt version
Traceback (most recent call last):
  File "C:\ProjectDevEnv\Algolens\.venv\Lib\site-packages\passlib\handlers\bcrypt.py", line 620, in _load_backend_mixin
    version = _bcrypt.__about__.__version__
              ^^^^^^^^^^^^^^^^^
AttributeError: module 'bcrypt' has no attribute '__about__'
2026-07-30 11:58:36,079 INFO     app.services.pipeline — [submission e4e332b4-449a-44fc-8410-a63e796aa51a] pipeline start — problem='Binary Search'
2026-07-30 11:58:38,565 INFO     app.services.pipeline — [submission e4e332b4-449a-44fc-8410-a63e796aa51a] failed correctness — verdict=Wrong Answer
2026-07-30 12:02:21,045 INFO     app.main — Database tables verified/created.
2026-07-30 12:02:21,064 INFO     app.seed — SKIP   Two Sum (already exists)
2026-07-30 12:02:21,065 INFO     app.seed — SKIP   Contains Duplicate (already exists)
2026-07-30 12:02:21,066 INFO     app.seed — SKIP   Valid Anagram (already exists)
2026-07-30 12:02:21,068 INFO     app.seed — SKIP   Container With Most Water (already exists)
2026-07-30 12:02:21,069 INFO     app.seed — SKIP   Maximum Subarray (already exists)
2026-07-30 12:02:21,070 INFO     app.seed — SKIP   Climbing Stairs (already exists)
2026-07-30 12:02:21,071 INFO     app.seed — SKIP   Binary Search (already exists)
2026-07-30 12:02:21,072 INFO     app.seed — SKIP   Merge Intervals (already exists)
2026-07-30 12:02:21,074 INFO     app.seed — Forum threads already seeded — skipping forum seed.
2026-07-30 12:02:21,075 INFO     app.seed — Seed complete — 0 problems seeded, 8 skipped.
2026-07-30 12:02:28,880 INFO     app.services.pipeline — [submission 1edadb56-f60f-40e8-8036-7e9c91008d43] pipeline start — problem='Binary Search'
2026-07-30 12:02:30,895 INFO     app.services.pipeline — [submission 1edadb56-f60f-40e8-8036-7e9c91008d43] failed correctness — verdict=Wrong Answer
2026-07-30 12:02:47,501 INFO     app.services.pipeline — [submission 14851fe9-e68e-46bb-8ad9-6b2d7178261a] pipeline start — problem='Binary Search'
2026-07-30 12:02:49,288 INFO     app.services.pipeline — [submission 14851fe9-e68e-46bb-8ad9-6b2d7178261a] correctness passed — 4 test cases
2026-07-30 12:03:07,214 INFO     app.services.pipeline — [submission 14851fe9-e68e-46bb-8ad9-6b2d7178261a] benchmark complete — 5 points
2026-07-30 12:03:07,231 INFO     app.services.complexity — Complexity classification: raw_slope=0.185 eff_slope=0.331 ratio=5.49 class=O(log n) R²=0.871
2026-07-30 12:03:07,232 INFO     app.services.pipeline — [submission 14851fe9-e68e-46bb-8ad9-6b2d7178261a] no complexity gap — empirical=O(log n) optimal=O(log n)
2026-07-30 12:03:07,239 INFO     app.services.pipeline — [submission 14851fe9-e68e-46bb-8ad9-6b2d7178261a] pipeline complete
2026-07-30 12:03:13,288 INFO     app.services.pipeline — [submission 823b7ac8-394a-406d-8cfd-a8388cdcf45d] pipeline start — problem='Binary Search'
2026-07-30 12:03:15,112 INFO     app.services.pipeline — [submission 823b7ac8-394a-406d-8cfd-a8388cdcf45d] correctness passed — 4 test cases
2026-07-30 12:03:33,185 INFO     app.services.pipeline — [submission 823b7ac8-394a-406d-8cfd-a8388cdcf45d] benchmark complete — 5 points
2026-07-30 12:03:33,186 INFO     app.services.complexity — Complexity classification: raw_slope=0.201 eff_slope=0.332 ratio=6.88 class=O(n) R²=0.939
2026-07-30 12:03:33,186 INFO     app.services.pipeline — [submission 823b7ac8-394a-406d-8cfd-a8388cdcf45d] complexity gap — empirical=O(n) optimal=O(log n)
2026-07-30 12:03:33,189 INFO     app.services.pipeline — [submission 823b7ac8-394a-406d-8cfd-a8388cdcf45d] no structural hint matched
2026-07-30 12:03:33,195 INFO     app.services.pipeline — [submission 823b7ac8-394a-406d-8cfd-a8388cdcf45d] pipeline complete
2026-07-30 12:04:10,016 INFO     app.main — Database tables verified/created.
2026-07-30 12:04:10,034 INFO     app.seed — SKIP   Two Sum (already exists)
2026-07-30 12:04:10,035 INFO     app.seed — SKIP   Contains Duplicate (already exists)
2026-07-30 12:04:10,035 INFO     app.seed — SKIP   Valid Anagram (already exists)
2026-07-30 12:04:10,036 INFO     app.seed — SKIP   Container With Most Water (already exists)
2026-07-30 12:04:10,037 INFO     app.seed — SKIP   Maximum Subarray (already exists)
2026-07-30 12:04:10,037 INFO     app.seed — SKIP   Climbing Stairs (already exists)
2026-07-30 12:04:10,037 INFO     app.seed — SKIP   Binary Search (already exists)
2026-07-30 12:04:10,040 INFO     app.seed — SKIP   Merge Intervals (already exists)
2026-07-30 12:04:10,041 INFO     app.seed — Forum threads already seeded — skipping forum seed.
2026-07-30 12:04:10,041 INFO     app.seed — Seed complete — 0 problems seeded, 8 skipped.
2026-07-30 12:04:10,066 WARNING  passlib.handlers.bcrypt — (trapped) error reading bcrypt version
Traceback (most recent call last):
  File "C:\Users\soham\AppData\Local\Programs\Python\Python313\Lib\site-packages\passlib\handlers\bcrypt.py", line 620, in _load_backend_mixin
    version = _bcrypt.__about__.__version__
              ^^^^^^^^^^^^^^^^^
AttributeError: module 'bcrypt' has no attribute '__about__'
2026-07-30 12:04:10,288 INFO     httpx — HTTP Request: POST http://testserver/auth/register "HTTP/1.1 201 Created"
2026-07-30 12:04:10,292 INFO     httpx — HTTP Request: POST http://testserver/auth/forgot-password "HTTP/1.1 200 OK"
2026-07-30 12:04:10,299 INFO     httpx — HTTP Request: POST http://testserver/auth/forgot-password "HTTP/1.1 404 Not Found"
2026-07-30 12:04:10,512 INFO     httpx — HTTP Request: POST http://testserver/auth/register "HTTP/1.1 201 Created"
2026-07-30 12:04:10,517 INFO     httpx — HTTP Request: POST http://testserver/auth/forgot-password "HTTP/1.1 200 OK"
2026-07-30 12:04:10,527 INFO     httpx — HTTP Request: POST http://testserver/auth/verify-otp "HTTP/1.1 404 Not Found"
2026-07-30 12:05:03,338 INFO     app.main — Database tables verified/created.
2026-07-30 12:05:03,354 INFO     app.seed — SKIP   Two Sum (already exists)
2026-07-30 12:05:03,355 INFO     app.seed — SKIP   Contains Duplicate (already exists)
2026-07-30 12:05:03,356 INFO     app.seed — SKIP   Valid Anagram (already exists)
2026-07-30 12:05:03,356 INFO     app.seed — SKIP   Container With Most Water (already exists)
2026-07-30 12:05:03,357 INFO     app.seed — SKIP   Maximum Subarray (already exists)
2026-07-30 12:05:03,357 INFO     app.seed — SKIP   Climbing Stairs (already exists)
2026-07-30 12:05:03,357 INFO     app.seed — SKIP   Binary Search (already exists)
2026-07-30 12:05:03,360 INFO     app.seed — SKIP   Merge Intervals (already exists)
2026-07-30 12:05:03,361 INFO     app.seed — Forum threads already seeded — skipping forum seed.
2026-07-30 12:05:03,361 INFO     app.seed — Seed complete — 0 problems seeded, 8 skipped.
2026-07-30 12:05:03,388 WARNING  passlib.handlers.bcrypt — (trapped) error reading bcrypt version
Traceback (most recent call last):
  File "C:\Users\soham\AppData\Local\Programs\Python\Python313\Lib\site-packages\passlib\handlers\bcrypt.py", line 620, in _load_backend_mixin
    version = _bcrypt.__about__.__version__
              ^^^^^^^^^^^^^^^^^
AttributeError: module 'bcrypt' has no attribute '__about__'
2026-07-30 12:05:03,611 INFO     httpx — HTTP Request: POST http://testserver/auth/register "HTTP/1.1 201 Created"
2026-07-30 12:05:03,616 INFO     httpx — HTTP Request: POST http://testserver/auth/forgot-password "HTTP/1.1 200 OK"
2026-07-30 12:05:03,833 INFO     httpx — HTTP Request: POST http://testserver/auth/forgot-password "HTTP/1.1 404 Not Found"
2026-07-30 12:05:04,042 INFO     httpx — HTTP Request: POST http://testserver/auth/register "HTTP/1.1 201 Created"
2026-07-30 12:05:04,049 INFO     httpx — HTTP Request: POST http://testserver/auth/forgot-password "HTTP/1.1 200 OK"
2026-07-30 12:05:04,054 INFO     httpx — HTTP Request: POST http://testserver/auth/verify-otp "HTTP/1.1 200 OK"
2026-07-30 12:05:04,267 INFO     httpx — HTTP Request: POST http://testserver/auth/reset-password "HTTP/1.1 200 OK"
2026-07-30 12:05:04,464 INFO     httpx — HTTP Request: POST http://testserver/auth/login "HTTP/1.1 200 OK"
2026-07-30 12:06:00,866 INFO     app.main — Database tables verified/created.
2026-07-30 12:06:00,885 INFO     app.seed — SKIP   Two Sum (already exists)
2026-07-30 12:06:00,885 INFO     app.seed — SKIP   Contains Duplicate (already exists)
2026-07-30 12:06:00,886 INFO     app.seed — SKIP   Valid Anagram (already exists)
2026-07-30 12:06:00,886 INFO     app.seed — SKIP   Container With Most Water (already exists)
2026-07-30 12:06:00,886 INFO     app.seed — SKIP   Maximum Subarray (already exists)
2026-07-30 12:06:00,887 INFO     app.seed — SKIP   Climbing Stairs (already exists)
2026-07-30 12:06:00,887 INFO     app.seed — SKIP   Binary Search (already exists)
2026-07-30 12:06:00,888 INFO     app.seed — SKIP   Merge Intervals (already exists)
2026-07-30 12:06:00,890 INFO     app.seed — Forum threads already seeded — skipping forum seed.
2026-07-30 12:06:00,890 INFO     app.seed — Seed complete — 0 problems seeded, 8 skipped.
2026-07-30 12:06:00,915 WARNING  passlib.handlers.bcrypt — (trapped) error reading bcrypt version
Traceback (most recent call last):
  File "C:\Users\soham\AppData\Local\Programs\Python\Python313\Lib\site-packages\passlib\handlers\bcrypt.py", line 620, in _load_backend_mixin
    version = _bcrypt.__about__.__version__
              ^^^^^^^^^^^^^^^^^
AttributeError: module 'bcrypt' has no attribute '__about__'
2026-07-30 12:06:01,149 INFO     httpx — HTTP Request: POST http://testserver/auth/register "HTTP/1.1 201 Created"
2026-07-30 12:06:01,155 INFO     httpx — HTTP Request: POST http://testserver/auth/forgot-password "HTTP/1.1 200 OK"
2026-07-30 12:06:01,163 INFO     httpx — HTTP Request: POST http://testserver/auth/forgot-password "HTTP/1.1 404 Not Found"
2026-07-30 12:06:01,372 INFO     httpx — HTTP Request: POST http://testserver/auth/register "HTTP/1.1 201 Created"
2026-07-30 12:06:01,377 INFO     httpx — HTTP Request: POST http://testserver/auth/forgot-password "HTTP/1.1 200 OK"
2026-07-30 12:06:01,380 INFO     httpx — HTTP Request: POST http://testserver/auth/verify-otp "HTTP/1.1 200 OK"
2026-07-30 12:06:01,587 INFO     httpx — HTTP Request: POST http://testserver/auth/reset-password "HTTP/1.1 200 OK"
2026-07-30 12:06:01,803 INFO     httpx — HTTP Request: POST http://testserver/auth/login "HTTP/1.1 200 OK"
2026-07-30 12:06:25,024 INFO     app.main — Database tables verified/created.
2026-07-30 12:06:25,040 INFO     app.seed — SKIP   Two Sum (already exists)
2026-07-30 12:06:25,041 INFO     app.seed — SKIP   Contains Duplicate (already exists)
2026-07-30 12:06:25,042 INFO     app.seed — SKIP   Valid Anagram (already exists)
2026-07-30 12:06:25,043 INFO     app.seed — SKIP   Container With Most Water (already exists)
2026-07-30 12:06:25,043 INFO     app.seed — SKIP   Maximum Subarray (already exists)
2026-07-30 12:06:25,044 INFO     app.seed — SKIP   Climbing Stairs (already exists)
2026-07-30 12:06:25,044 INFO     app.seed — SKIP   Binary Search (already exists)
2026-07-30 12:06:25,045 INFO     app.seed — SKIP   Merge Intervals (already exists)
2026-07-30 12:06:25,047 INFO     app.seed — Forum threads already seeded — skipping forum seed.
2026-07-30 12:06:25,047 INFO     app.seed — Seed complete — 0 problems seeded, 8 skipped.
2026-07-30 12:06:26,208 INFO     app.main — Database tables verified/created.
2026-07-30 12:06:26,225 INFO     app.seed — SKIP   Two Sum (already exists)
2026-07-30 12:06:26,225 INFO     app.seed — SKIP   Contains Duplicate (already exists)
2026-07-30 12:06:26,226 INFO     app.seed — SKIP   Valid Anagram (already exists)
2026-07-30 12:06:26,226 INFO     app.seed — SKIP   Container With Most Water (already exists)
2026-07-30 12:06:26,227 INFO     app.seed — SKIP   Maximum Subarray (already exists)
2026-07-30 12:06:26,227 INFO     app.seed — SKIP   Climbing Stairs (already exists)
2026-07-30 12:06:26,228 INFO     app.seed — SKIP   Binary Search (already exists)
2026-07-30 12:06:26,228 INFO     app.seed — SKIP   Merge Intervals (already exists)
2026-07-30 12:06:26,230 INFO     app.seed — Forum threads already seeded — skipping forum seed.
2026-07-30 12:06:26,230 INFO     app.seed — Seed complete — 0 problems seeded, 8 skipped.
2026-07-30 12:09:02,221 INFO     app.main — Database tables verified/created.
2026-07-30 12:09:02,237 INFO     app.seed — SKIP   Two Sum (already exists)
2026-07-30 12:09:02,237 INFO     app.seed — SKIP   Contains Duplicate (already exists)
2026-07-30 12:09:02,238 INFO     app.seed — SKIP   Valid Anagram (already exists)
2026-07-30 12:09:02,238 INFO     app.seed — SKIP   Container With Most Water (already exists)
2026-07-30 12:09:02,239 INFO     app.seed — SKIP   Maximum Subarray (already exists)
2026-07-30 12:09:02,239 INFO     app.seed — SKIP   Climbing Stairs (already exists)
2026-07-30 12:09:02,240 INFO     app.seed — SKIP   Binary Search (already exists)
2026-07-30 12:09:02,241 INFO     app.seed — SKIP   Merge Intervals (already exists)
2026-07-30 12:09:02,243 INFO     app.seed — Forum threads already seeded — skipping forum seed.
2026-07-30 12:09:02,243 INFO     app.seed — Seed complete — 0 problems seeded, 8 skipped.
2026-07-30 12:09:03,153 INFO     app.main — Database tables verified/created.
2026-07-30 12:09:03,169 INFO     app.seed — SKIP   Two Sum (already exists)
2026-07-30 12:09:03,169 INFO     app.seed — SKIP   Contains Duplicate (already exists)
2026-07-30 12:09:03,170 INFO     app.seed — SKIP   Valid Anagram (already exists)
2026-07-30 12:09:03,170 INFO     app.seed — SKIP   Container With Most Water (already exists)
2026-07-30 12:09:03,171 INFO     app.seed — SKIP   Maximum Subarray (already exists)
2026-07-30 12:09:03,172 INFO     app.seed — SKIP   Climbing Stairs (already exists)
2026-07-30 12:09:03,172 INFO     app.seed — SKIP   Binary Search (already exists)
2026-07-30 12:09:03,173 INFO     app.seed — SKIP   Merge Intervals (already exists)
2026-07-30 12:09:03,174 INFO     app.seed — Forum threads already seeded — skipping forum seed.
2026-07-30 12:09:03,174 INFO     app.seed — Seed complete — 0 problems seeded, 8 skipped.
2026-07-30 21:38:57,365 INFO     app.main — Database tables verified/created.
2026-07-30 21:38:57,383 INFO     app.seed — SKIP   Two Sum (already exists)
2026-07-30 21:38:57,384 INFO     app.seed — SKIP   Contains Duplicate (already exists)
2026-07-30 21:38:57,384 INFO     app.seed — SKIP   Valid Anagram (already exists)
2026-07-30 21:38:57,385 INFO     app.seed — SKIP   Container With Most Water (already exists)
2026-07-30 21:38:57,385 INFO     app.seed — SKIP   Maximum Subarray (already exists)
2026-07-30 21:38:57,386 INFO     app.seed — SKIP   Climbing Stairs (already exists)
2026-07-30 21:38:57,386 INFO     app.seed — SKIP   Binary Search (already exists)
2026-07-30 21:38:57,386 INFO     app.seed — SKIP   Merge Intervals (already exists)
2026-07-30 21:38:57,389 INFO     app.seed — Forum threads already seeded — skipping forum seed.
2026-07-30 21:38:57,389 INFO     app.seed — Seed complete — 0 problems seeded, 8 skipped.
2026-07-30 21:38:58,423 INFO     app.main — Database tables verified/created.
2026-07-30 21:38:58,447 INFO     app.seed — SKIP   Two Sum (already exists)
2026-07-30 21:38:58,449 INFO     app.seed — SKIP   Contains Duplicate (already exists)
2026-07-30 21:38:58,450 INFO     app.seed — SKIP   Valid Anagram (already exists)
2026-07-30 21:38:58,452 INFO     app.seed — SKIP   Container With Most Water (already exists)
2026-07-30 21:38:58,453 INFO     app.seed — SKIP   Maximum Subarray (already exists)
2026-07-30 21:38:58,453 INFO     app.seed — SKIP   Climbing Stairs (already exists)
2026-07-30 21:38:58,454 INFO     app.seed — SKIP   Binary Search (already exists)
2026-07-30 21:38:58,454 INFO     app.seed — SKIP   Merge Intervals (already exists)
2026-07-30 21:38:58,456 INFO     app.seed — Forum threads already seeded — skipping forum seed.
2026-07-30 21:38:58,457 INFO     app.seed — Seed complete — 0 problems seeded, 8 skipped.
2026-07-30 21:44:23,312 INFO     app.main — Database tables verified/created.
2026-07-30 21:44:23,330 INFO     app.seed — SKIP   Two Sum (already exists)
2026-07-30 21:44:23,331 INFO     app.seed — SKIP   Contains Duplicate (already exists)
2026-07-30 21:44:23,332 INFO     app.seed — SKIP   Valid Anagram (already exists)
2026-07-30 21:44:23,333 INFO     app.seed — SKIP   Container With Most Water (already exists)
2026-07-30 21:44:23,333 INFO     app.seed — SKIP   Maximum Subarray (already exists)
2026-07-30 21:44:23,334 INFO     app.seed — SKIP   Climbing Stairs (already exists)
2026-07-30 21:44:23,335 INFO     app.seed — SKIP   Binary Search (already exists)
2026-07-30 21:44:23,335 INFO     app.seed — SKIP   Merge Intervals (already exists)
2026-07-30 21:44:23,337 INFO     app.seed — Forum threads already seeded — skipping forum seed.
2026-07-30 21:44:23,337 INFO     app.seed — Seed complete — 0 problems seeded, 8 skipped.
2026-07-30 21:44:37,979 INFO     app.main — Database tables verified/created.
2026-07-30 21:44:37,998 INFO     app.seed — SKIP   Two Sum (already exists)
2026-07-30 21:44:37,999 INFO     app.seed — SKIP   Contains Duplicate (already exists)
2026-07-30 21:44:37,999 INFO     app.seed — SKIP   Valid Anagram (already exists)
2026-07-30 21:44:38,000 INFO     app.seed — SKIP   Container With Most Water (already exists)
2026-07-30 21:44:38,001 INFO     app.seed — SKIP   Maximum Subarray (already exists)
2026-07-30 21:44:38,001 INFO     app.seed — SKIP   Climbing Stairs (already exists)
2026-07-30 21:44:38,002 INFO     app.seed — SKIP   Binary Search (already exists)
2026-07-30 21:44:38,002 INFO     app.seed — SKIP   Merge Intervals (already exists)
2026-07-30 21:44:38,005 INFO     app.seed — Forum threads already seeded — skipping forum seed.
2026-07-30 21:44:38,005 INFO     app.seed — Seed complete — 0 problems seeded, 8 skipped.
2026-07-30 21:44:42,811 INFO     app.main — Database tables verified/created.
2026-07-30 21:44:42,828 INFO     app.seed — SKIP   Two Sum (already exists)
2026-07-30 21:44:42,828 INFO     app.seed — SKIP   Contains Duplicate (already exists)
2026-07-30 21:44:42,829 INFO     app.seed — SKIP   Valid Anagram (already exists)
2026-07-30 21:44:42,830 INFO     app.seed — SKIP   Container With Most Water (already exists)
2026-07-30 21:44:42,830 INFO     app.seed — SKIP   Maximum Subarray (already exists)
2026-07-30 21:44:42,831 INFO     app.seed — SKIP   Climbing Stairs (already exists)
2026-07-30 21:44:42,831 INFO     app.seed — SKIP   Binary Search (already exists)
2026-07-30 21:44:42,832 INFO     app.seed — SKIP   Merge Intervals (already exists)
2026-07-30 21:44:42,834 INFO     app.seed — Forum threads already seeded — skipping forum seed.
2026-07-30 21:44:42,835 INFO     app.seed — Seed complete — 0 problems seeded, 8 skipped.
2026-07-30 21:46:28,369 INFO     algolens.email — [SMTP Disabled/Dev Mode] OTP email for sohamlimhan002@gmail.com: OTP=528966
2026-07-30 21:47:19,000 WARNING  passlib.handlers.bcrypt — (trapped) error reading bcrypt version
Traceback (most recent call last):
  File "C:\Users\soham\AppData\Local\Programs\Python\Python313\Lib\site-packages\passlib\handlers\bcrypt.py", line 620, in _load_backend_mixin
    version = _bcrypt.__about__.__version__
              ^^^^^^^^^^^^^^^^^
AttributeError: module 'bcrypt' has no attribute '__about__'
2026-07-30 21:57:03,438 INFO     app.main — Database tables verified/created.
2026-07-30 21:57:03,454 INFO     app.seed — SKIP   Two Sum (already exists)
2026-07-30 21:57:03,455 INFO     app.seed — SKIP   Contains Duplicate (already exists)
2026-07-30 21:57:03,455 INFO     app.seed — SKIP   Valid Anagram (already exists)
2026-07-30 21:57:03,456 INFO     app.seed — SKIP   Container With Most Water (already exists)
2026-07-30 21:57:03,456 INFO     app.seed — SKIP   Maximum Subarray (already exists)
2026-07-30 21:57:03,457 INFO     app.seed — SKIP   Climbing Stairs (already exists)
2026-07-30 21:57:03,458 INFO     app.seed — SKIP   Binary Search (already exists)
2026-07-30 21:57:03,458 INFO     app.seed — SKIP   Merge Intervals (already exists)
2026-07-30 21:57:03,461 INFO     app.seed — Forum threads already seeded — skipping forum seed.
2026-07-30 21:57:03,462 INFO     app.seed — Seed complete — 0 problems seeded, 8 skipped.
2026-07-30 21:57:09,699 INFO     app.main — Database tables verified/created.
2026-07-30 21:57:09,719 INFO     app.seed — SKIP   Two Sum (already exists)
2026-07-30 21:57:09,719 INFO     app.seed — SKIP   Contains Duplicate (already exists)
2026-07-30 21:57:09,720 INFO     app.seed — SKIP   Valid Anagram (already exists)
2026-07-30 21:57:09,720 INFO     app.seed — SKIP   Container With Most Water (already exists)
2026-07-30 21:57:09,722 INFO     app.seed — SKIP   Maximum Subarray (already exists)
2026-07-30 21:57:09,724 INFO     app.seed — SKIP   Climbing Stairs (already exists)
2026-07-30 21:57:09,725 INFO     app.seed — SKIP   Binary Search (already exists)
2026-07-30 21:57:09,726 INFO     app.seed — SKIP   Merge Intervals (already exists)
2026-07-30 21:57:09,728 INFO     app.seed — Forum threads already seeded — skipping forum seed.
2026-07-30 21:57:09,729 INFO     app.seed — Seed complete — 0 problems seeded, 8 skipped.
2026-07-30 21:57:54,280 WARNING  passlib.handlers.bcrypt — (trapped) error reading bcrypt version
Traceback (most recent call last):
  File "C:\Users\soham\AppData\Local\Programs\Python\Python313\Lib\site-packages\passlib\handlers\bcrypt.py", line 620, in _load_backend_mixin
    version = _bcrypt.__about__.__version__
              ^^^^^^^^^^^^^^^^^
AttributeError: module 'bcrypt' has no attribute '__about__'
2026-07-30 21:58:26,798 INFO     app.main — Database tables verified/created.
2026-07-30 21:58:26,815 INFO     app.seed — SKIP   Two Sum (already exists)
2026-07-30 21:58:26,816 INFO     app.seed — SKIP   Contains Duplicate (already exists)
2026-07-30 21:58:26,817 INFO     app.seed — SKIP   Valid Anagram (already exists)
2026-07-30 21:58:26,817 INFO     app.seed — SKIP   Container With Most Water (already exists)
2026-07-30 21:58:26,817 INFO     app.seed — SKIP   Maximum Subarray (already exists)
2026-07-30 21:58:26,818 INFO     app.seed — SKIP   Climbing Stairs (already exists)
2026-07-30 21:58:26,819 INFO     app.seed — SKIP   Binary Search (already exists)
2026-07-30 21:58:26,819 INFO     app.seed — SKIP   Merge Intervals (already exists)
2026-07-30 21:58:26,821 INFO     app.seed — Forum threads already seeded — skipping forum seed.
2026-07-30 21:58:26,822 INFO     app.seed — Seed complete — 0 problems seeded, 8 skipped.
2026-07-30 22:09:43,423 INFO     app.main — Database tables verified/created.
2026-07-30 22:09:43,439 INFO     app.seed — SKIP   Two Sum (already exists)
2026-07-30 22:09:43,440 INFO     app.seed — SKIP   Contains Duplicate (already exists)
2026-07-30 22:09:43,440 INFO     app.seed — SKIP   Valid Anagram (already exists)
2026-07-30 22:09:43,444 INFO     app.seed — SKIP   Container With Most Water (already exists)
2026-07-30 22:09:43,450 INFO     app.seed — SKIP   Maximum Subarray (already exists)
2026-07-30 22:09:43,453 INFO     app.seed — SKIP   Climbing Stairs (already exists)
2026-07-30 22:09:43,455 INFO     app.seed — SKIP   Binary Search (already exists)
2026-07-30 22:09:43,459 INFO     app.seed — SKIP   Merge Intervals (already exists)
2026-07-30 22:09:43,464 INFO     app.seed — Forum threads already seeded — skipping forum seed.
2026-07-30 22:09:43,465 INFO     app.seed — Seed complete — 0 problems seeded, 8 skipped.
2026-07-30 22:09:56,173 INFO     app.main — Database tables verified/created.
2026-07-30 22:09:56,207 INFO     app.seed — SEEDED Minimum Number of Pushes to Type Word I
2026-07-30 22:09:56,210 INFO     app.seed — SKIP   Two Sum (already exists)
2026-07-30 22:09:56,214 INFO     app.seed — SEEDED Add Two Numbers
2026-07-30 22:09:56,215 INFO     app.seed — SEEDED Longest Substring Without Repeating Characters
2026-07-30 22:09:56,217 INFO     app.seed — SEEDED Median of Two Sorted Arrays
2026-07-30 22:09:56,219 INFO     app.seed — SEEDED Longest Palindromic Substring
2026-07-30 22:09:56,221 INFO     app.seed — SEEDED Zigzag Conversion
2026-07-30 22:09:56,224 INFO     app.seed — SEEDED Reverse Integer
2026-07-30 22:09:56,226 INFO     app.seed — SEEDED String to Integer (atoi)
2026-07-30 22:09:56,228 INFO     app.seed — SEEDED Palindrome Number
2026-07-30 22:09:56,230 INFO     app.seed — SEEDED Regular Expression Matching
2026-07-30 22:09:56,231 INFO     app.seed — SKIP   Container With Most Water (already exists)
2026-07-30 22:09:56,232 INFO     app.seed — SEEDED Integer to Roman
2026-07-30 22:09:56,234 INFO     app.seed — SEEDED Roman to Integer
2026-07-30 22:09:56,235 INFO     app.seed — SKIP   Contains Duplicate (already exists)
2026-07-30 22:09:56,236 INFO     app.seed — SKIP   Valid Anagram (already exists)
2026-07-30 22:09:56,236 INFO     app.seed — SKIP   Maximum Subarray (already exists)
2026-07-30 22:09:56,237 INFO     app.seed — SKIP   Climbing Stairs (already exists)
2026-07-30 22:09:56,238 INFO     app.seed — SKIP   Binary Search (already exists)
2026-07-30 22:09:56,239 INFO     app.seed — SKIP   Merge Intervals (already exists)
2026-07-30 22:09:56,240 INFO     app.seed — Forum threads already seeded — skipping forum seed.
2026-07-30 22:09:56,245 INFO     app.seed — Seed complete — 12 problems seeded, 8 skipped.
2026-07-30 22:10:17,063 INFO     app.main — Database tables verified/created.
2026-07-30 22:10:17,078 INFO     app.seed — SKIP   Minimum Number of Pushes to Type Word I (already exists)
2026-07-30 22:10:17,079 INFO     app.seed — SKIP   Two Sum (already exists)
2026-07-30 22:10:17,080 INFO     app.seed — SKIP   Add Two Numbers (already exists)
2026-07-30 22:10:17,081 INFO     app.seed — SKIP   Longest Substring Without Repeating Characters (already exists)
2026-07-30 22:10:17,082 INFO     app.seed — SKIP   Median of Two Sorted Arrays (already exists)
2026-07-30 22:10:17,083 INFO     app.seed — SKIP   Longest Palindromic Substring (already exists)
2026-07-30 22:10:17,083 INFO     app.seed — SKIP   Zigzag Conversion (already exists)
2026-07-30 22:10:17,083 INFO     app.seed — SKIP   Reverse Integer (already exists)
2026-07-30 22:10:17,085 INFO     app.seed — SKIP   String to Integer (atoi) (already exists)
2026-07-30 22:10:17,086 INFO     app.seed — SKIP   Palindrome Number (already exists)
2026-07-30 22:10:17,087 INFO     app.seed — SKIP   Regular Expression Matching (already exists)
2026-07-30 22:10:17,087 INFO     app.seed — SKIP   Container With Most Water (already exists)
2026-07-30 22:10:17,087 INFO     app.seed — SKIP   Integer to Roman (already exists)
2026-07-30 22:10:17,088 INFO     app.seed — SKIP   Roman to Integer (already exists)
2026-07-30 22:10:17,088 INFO     app.seed — SKIP   Contains Duplicate (already exists)
2026-07-30 22:10:17,089 INFO     app.seed — SKIP   Valid Anagram (already exists)
2026-07-30 22:10:17,090 INFO     app.seed — SKIP   Maximum Subarray (already exists)
2026-07-30 22:10:17,091 INFO     app.seed — SKIP   Climbing Stairs (already exists)
2026-07-30 22:10:17,092 INFO     app.seed — SKIP   Binary Search (already exists)
2026-07-30 22:10:17,092 INFO     app.seed — SKIP   Merge Intervals (already exists)
2026-07-30 22:10:17,094 INFO     app.seed — Forum threads already seeded — skipping forum seed.
2026-07-30 22:10:17,094 INFO     app.seed — Seed complete — 0 problems seeded, 20 skipped.
2026-07-31 10:47:53,162 INFO     app.main — Database tables verified/created.
2026-07-31 10:47:53,181 INFO     app.seed — SKIP   Minimum Number of Pushes to Type Word I (already exists)
2026-07-31 10:47:53,181 INFO     app.seed — SKIP   Two Sum (already exists)
2026-07-31 10:47:53,182 INFO     app.seed — SKIP   Add Two Numbers (already exists)
2026-07-31 10:47:53,183 INFO     app.seed — SKIP   Longest Substring Without Repeating Characters (already exists)
2026-07-31 10:47:53,183 INFO     app.seed — SKIP   Median of Two Sorted Arrays (already exists)
2026-07-31 10:47:53,184 INFO     app.seed — SKIP   Longest Palindromic Substring (already exists)
2026-07-31 10:47:53,184 INFO     app.seed — SKIP   Zigzag Conversion (already exists)
2026-07-31 10:47:53,186 INFO     app.seed — SKIP   Reverse Integer (already exists)
2026-07-31 10:47:53,186 INFO     app.seed — SKIP   String to Integer (atoi) (already exists)
2026-07-31 10:47:53,187 INFO     app.seed — SKIP   Palindrome Number (already exists)
2026-07-31 10:47:53,187 INFO     app.seed — SKIP   Regular Expression Matching (already exists)
2026-07-31 10:47:53,188 INFO     app.seed — SKIP   Container With Most Water (already exists)
2026-07-31 10:47:53,189 INFO     app.seed — SKIP   Integer to Roman (already exists)
2026-07-31 10:47:53,190 INFO     app.seed — SKIP   Roman to Integer (already exists)
2026-07-31 10:47:53,190 INFO     app.seed — SKIP   Contains Duplicate (already exists)
2026-07-31 10:47:53,191 INFO     app.seed — SKIP   Valid Anagram (already exists)
2026-07-31 10:47:53,192 INFO     app.seed — SKIP   Maximum Subarray (already exists)
2026-07-31 10:47:53,194 INFO     app.seed — SKIP   Climbing Stairs (already exists)
2026-07-31 10:47:53,195 INFO     app.seed — SKIP   Binary Search (already exists)
2026-07-31 10:47:53,196 INFO     app.seed — SKIP   Merge Intervals (already exists)
2026-07-31 10:47:53,197 INFO     app.seed — Forum threads already seeded — skipping forum seed.
2026-07-31 10:47:53,198 INFO     app.seed — Seed complete — 0 problems seeded, 20 skipped.
2026-07-31 10:47:54,430 INFO     app.main — Database tables verified/created.
2026-07-31 10:47:54,447 INFO     app.seed — SKIP   Minimum Number of Pushes to Type Word I (already exists)
2026-07-31 10:47:54,448 INFO     app.seed — SKIP   Two Sum (already exists)
2026-07-31 10:47:54,449 INFO     app.seed — SKIP   Add Two Numbers (already exists)
2026-07-31 10:47:54,450 INFO     app.seed — SKIP   Longest Substring Without Repeating Characters (already exists)
2026-07-31 10:47:54,451 INFO     app.seed — SKIP   Median of Two Sorted Arrays (already exists)
2026-07-31 10:47:54,451 INFO     app.seed — SKIP   Longest Palindromic Substring (already exists)
2026-07-31 10:47:54,452 INFO     app.seed — SKIP   Zigzag Conversion (already exists)
2026-07-31 10:47:54,453 INFO     app.seed — SKIP   Reverse Integer (already exists)
2026-07-31 10:47:54,455 INFO     app.seed — SKIP   String to Integer (atoi) (already exists)
2026-07-31 10:47:54,456 INFO     app.seed — SKIP   Palindrome Number (already exists)
2026-07-31 10:47:54,457 INFO     app.seed — SKIP   Regular Expression Matching (already exists)
2026-07-31 10:47:54,458 INFO     app.seed — SKIP   Container With Most Water (already exists)
2026-07-31 10:47:54,459 INFO     app.seed — SKIP   Integer to Roman (already exists)
2026-07-31 10:47:54,460 INFO     app.seed — SKIP   Roman to Integer (already exists)
2026-07-31 10:47:54,461 INFO     app.seed — SKIP   Contains Duplicate (already exists)
2026-07-31 10:47:54,462 INFO     app.seed — SKIP   Valid Anagram (already exists)
2026-07-31 10:47:54,463 INFO     app.seed — SKIP   Maximum Subarray (already exists)
2026-07-31 10:47:54,464 INFO     app.seed — SKIP   Climbing Stairs (already exists)
2026-07-31 10:47:54,466 INFO     app.seed — SKIP   Binary Search (already exists)
2026-07-31 10:47:54,467 INFO     app.seed — SKIP   Merge Intervals (already exists)
2026-07-31 10:47:54,468 INFO     app.seed — Forum threads already seeded — skipping forum seed.
2026-07-31 10:47:54,468 INFO     app.seed — Seed complete — 0 problems seeded, 20 skipped.
